Transaction ID,Date,Customer ID,Gender,Age,Product Category,Quantity,Price per Unit,Total Amount,City,Payment Method
1,2023-11-24,CUST001,Male,34,Toys,3,200000,600000,Bandung,E-Wallet
2,2023-02-27,CUST002,Female,26,Electronics,2,1237000,2474000,Denpasar,E-Wallet
3,2023-01-13,CUST003,Male,50,Clothing,1,422000,422000,Bandung,E-Wallet
4,2023-05-21,CUST004,Male,37,Snacks,1,12000,12000,Surabaya,E-Wallet
5,2023-05-06,CUST005,Male,30,Snacks,2,8000,16000,Yogyakarta,E-Wallet
6,2023-04-25,CUST006,Female,45,Toys,1,234000,234000,Bandung,E-Wallet
7,2023-03-13,CUST007,Male,46,Electronics,2,1000000,2000000,Medan,E-Wallet
8,2023-02-22,CUST008,Male,30,Household Items,4,982000,3928000,Yogyakarta,E-Wallet
9,2023-12-13,CUST009,Male,63,Household Items,2,789000,1578000,Medan,Credit Card
10,2023-10-07,CUST010,Female,52,Clothing,4,291000,1164000,Yogyakarta,Credit Card
11,2023-02-14,CUST011,Male,23,Fast Food,2,76000,152000,Bandung,E-Wallet
12,2023-10-30,CUST012,Male,35,Snacks,3,17000,51000,Surabaya,E-Wallet
13,2023-08-05,CUST013,Male,22,Electronics,3,120000,360000,Bandung,E-Wallet
14,2023-01-17,CUST014,Male,64,Household Items,4,359000,1436000,Semarang,Credit Card
15,2023-01-16,CUST015,Female,42,Clothing,4,284000,1136000,Denpasar,Credit Card
16,2023-02-17,CUST016,Male,19,Fast Food,3,29000,87000,Denpasar,E-Wallet
17,2023-04-22,CUST017,Female,27,Household Items,4,951000,3804000,Yogyakarta,E-Wallet
18,2023-04-30,CUST018,Female,47,Household Items,2,188000,376000,Bandung,E-Wallet
19,2023-09-16,CUST019,Female,62,Electronics,2,1733000,3466000,Yogyakarta,Credit Card
20,2023-11-05,CUST020,Male,22,Fast Food,3,75000,225000,Denpasar,E-Wallet
21,2023-01-14,CUST021,Female,50,Beauty,1,38000,38000,Bandung,E-Wallet
22,2023-10-15,CUST022,Male,18,Household Items,2,789000,1578000,Jakarta,E-Wallet
23,2023-04-12,CUST023,Female,35,Clothing,4,444000,1776000,Surabaya,Credit Card
24,2023-11-29,CUST024,Female,49,Electronics,1,718000,718000,Jakarta,E-Wallet
25,2023-12-26,CUST025,Female,64,Fast Food,1,97000,97000,Yogyakarta,Cash
26,2023-10-07,CUST026,Female,28,Snacks,2,18000,36000,Surabaya,E-Wallet
27,2023-08-03,CUST027,Female,38,Household Items,2,548000,1096000,Yogyakarta,Credit Card
28,2023-04-23,CUST028,Female,43,Household Items,1,812000,812000,Medan,E-Wallet
29,2023-08-18,CUST029,Female,42,Beauty,1,45000,45000,Medan,E-Wallet
30,2023-10-29,CUST030,Female,39,Clothing,3,298000,894000,Surabaya,E-Wallet
31,2023-05-23,CUST031,Male,44,Electronics,4,1342000,5368000,Denpasar,E-Wallet
32,2023-01-04,CUST032,Male,30,Household Items,3,399000,1197000,Bandung,E-Wallet
33,2023-03-23,CUST033,Female,50,Clothing,2,335000,670000,Medan,E-Wallet
34,2023-12-24,CUST034,Female,51,Electronics,3,71000,213000,Yogyakarta,E-Wallet
35,2023-08-05,CUST035,Female,58,Toys,3,187000,561000,Semarang,E-Wallet
36,2023-06-24,CUST036,Male,52,Electronics,3,1638000,4914000,Jakarta,E-Wallet
37,2023-05-23,CUST037,Female,18,Clothing,3,459000,1377000,Semarang,E-Wallet
38,2023-03-21,CUST038,Male,38,Beauty,4,26000,104000,Denpasar,E-Wallet
39,2023-04-21,CUST039,Male,23,Beauty,4,36000,144000,Yogyakarta,E-Wallet
40,2023-06-22,CUST040,Male,45,Toys,1,123000,123000,Jakarta,E-Wallet
41,2023-02-22,CUST041,Male,34,Household Items,2,265000,530000,Yogyakarta,E-Wallet
42,2023-02-17,CUST042,Male,22,Clothing,3,326000,978000,Denpasar,E-Wallet
43,2023-07-14,CUST043,Female,48,Fast Food,1,36000,36000,Medan,E-Wallet
44,2023-02-19,CUST044,Female,22,Beauty,1,15000,15000,Bandung,E-Wallet
45,2023-07-03,CUST045,Female,55,Snacks,1,20000,20000,Jakarta,E-Wallet
46,2023-06-26,CUST046,Female,20,Beauty,4,44000,176000,Yogyakarta,E-Wallet
47,2023-11-06,CUST047,Female,40,Household Items,3,233000,699000,Medan,E-Wallet
48,2023-05-16,CUST048,Male,54,Snacks,3,12000,36000,Semarang,E-Wallet
49,2023-01-23,CUST049,Female,54,Household Items,2,800000,1600000,Bandung,Credit Card
50,2023-08-24,CUST050,Female,27,Fast Food,3,54000,162000,Semarang,E-Wallet
51,2023-10-02,CUST051,Male,27,Beauty,3,29000,87000,Semarang,E-Wallet
52,2023-03-05,CUST052,Female,36,Household Items,1,745000,745000,Semarang,E-Wallet
53,2023-07-13,CUST053,Male,34,Clothing,2,193000,386000,Medan,E-Wallet
54,2023-02-10,CUST054,Female,38,Snacks,3,14000,42000,Denpasar,E-Wallet
55,2023-10-10,CUST055,Male,31,Toys,4,282000,1128000,Jakarta,E-Wallet
56,2023-05-31,CUST056,Female,26,Electronics,3,588000,1764000,Semarang,E-Wallet
57,2023-11-18,CUST057,Female,63,Toys,1,67000,67000,Yogyakarta,Cash
58,2023-11-13,CUST058,Male,18,Clothing,4,165000,660000,Medan,E-Wallet
59,2023-07-05,CUST059,Male,62,Beauty,1,19000,19000,Surabaya,Cash
60,2023-10-23,CUST060,Male,30,Toys,3,121000,363000,Medan,E-Wallet
61,2023-04-09,CUST061,Male,21,Snacks,4,16000,64000,Semarang,E-Wallet
62,2023-12-27,CUST062,Male,18,Clothing,2,336000,672000,Bandung,E-Wallet
63,2023-02-05,CUST063,Male,57,Electronics,2,716000,1432000,Jakarta,E-Wallet
64,2023-01-24,CUST064,Male,49,Clothing,4,474000,1896000,Denpasar,E-Wallet
65,2023-12-05,CUST065,Male,51,Fast Food,4,39000,156000,Bandung,E-Wallet
66,2023-04-27,CUST066,Female,45,Snacks,1,13000,13000,Jakarta,E-Wallet
67,2023-05-29,CUST067,Female,48,Snacks,4,8000,32000,Denpasar,E-Wallet
68,2023-02-10,CUST068,Male,25,Toys,1,133000,133000,Denpasar,E-Wallet
69,2023-04-30,CUST069,Female,56,Electronics,3,275000,825000,Yogyakarta,E-Wallet
70,2023-02-21,CUST070,Female,43,Beauty,1,23000,23000,Denpasar,E-Wallet
71,2023-07-14,CUST071,Female,51,Beauty,4,46000,184000,Jakarta,E-Wallet
72,2023-05-23,CUST072,Female,20,Clothing,4,33000,132000,Surabaya,E-Wallet
73,2023-08-21,CUST073,Male,29,Snacks,3,19000,57000,Medan,E-Wallet
74,2023-11-22,CUST074,Female,18,Electronics,4,1677000,6708000,Semarang,Credit Card
75,2023-07-06,CUST075,Male,61,Clothing,4,455000,1820000,Denpasar,Credit Card
76,2023-03-25,CUST076,Female,22,Toys,2,109000,218000,Medan,E-Wallet
77,2023-07-09,CUST077,Female,47,Clothing,2,210000,420000,Medan,E-Wallet
78,2023-07-01,CUST078,Female,47,Electronics,3,624000,1872000,Jakarta,Credit Card
79,2023-04-18,CUST079,Male,34,Beauty,1,36000,36000,Jakarta,E-Wallet
80,2023-12-10,CUST080,Female,64,Electronics,2,728000,1456000,Denpasar,Credit Card
81,2023-05-17,CUST081,Male,40,Electronics,1,1089000,1089000,Surabaya,E-Wallet
82,2023-12-26,CUST082,Female,32,Beauty,4,27000,108000,Denpasar,E-Wallet
83,2023-12-16,CUST083,Male,54,Clothing,2,118000,236000,Medan,E-Wallet
84,2023-11-28,CUST084,Female,38,Toys,3,242000,726000,Bandung,E-Wallet
85,2023-02-06,CUST085,Male,31,Fast Food,3,57000,171000,Jakarta,E-Wallet
86,2023-11-08,CUST086,Male,19,Electronics,3,837000,2511000,Denpasar,E-Wallet
87,2023-11-22,CUST087,Female,28,Clothing,2,270000,540000,Yogyakarta,E-Wallet
88,2023-03-29,CUST088,Male,56,Electronics,1,1593000,1593000,Surabaya,E-Wallet
89,2023-10-01,CUST089,Female,55,Household Items,4,391000,1564000,Semarang,Credit Card
90,2023-05-06,CUST090,Female,51,Beauty,1,41000,41000,Jakarta,E-Wallet
91,2023-03-25,CUST091,Female,55,Fast Food,1,87000,87000,Denpasar,E-Wallet
92,2023-08-25,CUST092,Female,51,Electronics,4,748000,2992000,Medan,Credit Card
93,2023-07-14,CUST093,Female,35,Snacks,4,8000,32000,Semarang,E-Wallet
94,2023-05-19,CUST094,Female,47,Beauty,2,48000,96000,Jakarta,E-Wallet
95,2023-11-24,CUST095,Female,32,Household Items,2,474000,948000,Surabaya,E-Wallet
96,2023-12-19,CUST096,Female,44,Electronics,2,50000,100000,Jakarta,E-Wallet
97,2023-10-13,CUST097,Female,51,Fast Food,2,64000,128000,Bandung,E-Wallet
98,2023-04-23,CUST098,Female,55,Electronics,2,1369000,2738000,Jakarta,Credit Card
99,2023-12-17,CUST099,Female,50,Snacks,4,8000,32000,Yogyakarta,E-Wallet
100,2023-06-16,CUST100,Male,41,Toys,1,71000,71000,Surabaya,E-Wallet
101,2023-01-29,CUST101,Male,32,Household Items,2,819000,1638000,Semarang,E-Wallet
102,2023-04-28,CUST102,Female,47,Snacks,2,15000,30000,Medan,E-Wallet
103,2023-01-17,CUST103,Female,59,Beauty,1,33000,33000,Medan,E-Wallet
104,2023-06-11,CUST104,Female,34,Household Items,2,654000,1308000,Bandung,Credit Card
105,2023-07-25,CUST105,Female,22,Beauty,1,43000,43000,Yogyakarta,E-Wallet
106,2023-05-18,CUST106,Female,46,Clothing,1,393000,393000,Medan,E-Wallet
107,2023-02-03,CUST107,Female,21,Toys,4,82000,328000,Jakarta,E-Wallet
108,2023-04-19,CUST108,Female,27,Fast Food,3,41000,123000,Medan,E-Wallet
109,2023-10-18,CUST109,Female,34,Snacks,4,11000,44000,Surabaya,E-Wallet
110,2023-06-11,CUST110,Male,27,Fast Food,3,61000,183000,Surabaya,E-Wallet
111,2023-04-19,CUST111,Female,34,Snacks,3,12000,36000,Yogyakarta,E-Wallet
112,2023-12-02,CUST112,Male,37,Clothing,3,59000,177000,Semarang,E-Wallet
113,2023-09-13,CUST113,Female,41,Beauty,2,20000,40000,Medan,E-Wallet
114,2023-07-22,CUST114,Female,22,Fast Food,4,80000,320000,Yogyakarta,E-Wallet
115,2023-11-26,CUST115,Male,51,Household Items,3,129000,387000,Surabaya,E-Wallet
116,2023-08-23,CUST116,Female,23,Electronics,1,1974000,1974000,Surabaya,E-Wallet
117,2023-03-15,CUST117,Male,19,Electronics,2,1876000,3752000,Surabaya,E-Wallet
118,2023-05-16,CUST118,Female,30,Electronics,4,1193000,4772000,Bandung,E-Wallet
119,2023-03-13,CUST119,Female,60,Electronics,3,242000,726000,Yogyakarta,E-Wallet
120,2023-05-07,CUST120,Male,60,Toys,1,296000,296000,Yogyakarta,E-Wallet
121,2023-10-15,CUST121,Female,28,Beauty,4,13000,52000,Denpasar,E-Wallet
122,2023-10-03,CUST122,Male,64,Electronics,4,474000,1896000,Yogyakarta,Credit Card
123,2023-05-15,CUST123,Female,40,Beauty,2,44000,88000,Bandung,E-Wallet
124,2023-10-27,CUST124,Male,33,Snacks,4,19000,76000,Yogyakarta,E-Wallet
125,2023-08-08,CUST125,Male,48,Snacks,2,16000,32000,Bandung,E-Wallet
126,2023-10-26,CUST126,Female,28,Clothing,3,53000,159000,Semarang,E-Wallet
127,2023-07-24,CUST127,Female,33,Beauty,2,46000,92000,Jakarta,E-Wallet
128,2023-07-05,CUST128,Male,25,Household Items,1,878000,878000,Bandung,E-Wallet
129,2023-04-23,CUST129,Female,21,Toys,2,113000,226000,Denpasar,E-Wallet
130,2023-03-12,CUST130,Female,57,Clothing,1,80000,80000,Semarang,E-Wallet
131,2023-09-18,CUST131,Female,21,Snacks,2,5000,10000,Semarang,E-Wallet
132,2023-09-10,CUST132,Male,42,Clothing,4,127000,508000,Surabaya,E-Wallet
133,2023-02-16,CUST133,Male,20,Fast Food,3,44000,132000,Denpasar,E-Wallet
134,2023-01-25,CUST134,Male,49,Snacks,1,17000,17000,Medan,E-Wallet
135,2023-02-26,CUST135,Male,20,Beauty,2,15000,30000,Surabaya,E-Wallet
136,2023-03-20,CUST136,Male,44,Snacks,2,16000,32000,Semarang,E-Wallet
137,2023-11-18,CUST137,Male,46,Snacks,2,15000,30000,Jakarta,E-Wallet
138,2023-03-23,CUST138,Male,49,Electronics,4,1909000,7636000,Jakarta,E-Wallet
139,2023-12-15,CUST139,Male,36,Clothing,4,106000,424000,Surabaya,E-Wallet
140,2023-08-05,CUST140,Male,38,Fast Food,1,36000,36000,Jakarta,E-Wallet
141,2023-11-02,CUST141,Female,22,Toys,1,199000,199000,Surabaya,E-Wallet
142,2023-02-02,CUST142,Male,35,Snacks,4,13000,52000,Bandung,E-Wallet
143,2023-07-17,CUST143,Female,45,Toys,1,215000,215000,Surabaya,E-Wallet
144,2023-07-15,CUST144,Female,59,Electronics,3,94000,282000,Surabaya,E-Wallet
145,2023-11-02,CUST145,Female,39,Toys,3,209000,627000,Bandung,E-Wallet
146,2023-08-28,CUST146,Male,38,Clothing,4,172000,688000,Bandung,E-Wallet
147,2023-09-28,CUST147,Male,23,Household Items,1,340000,340000,Jakarta,E-Wallet
148,2023-05-09,CUST148,Male,18,Clothing,2,293000,586000,Surabaya,E-Wallet
149,2023-10-11,CUST149,Male,22,Snacks,3,15000,45000,Yogyakarta,E-Wallet
150,2023-01-06,CUST150,Female,58,Electronics,4,292000,1168000,Bandung,Credit Card
151,2023-12-15,CUST151,Male,29,Toys,1,280000,280000,Bandung,E-Wallet
152,2023-02-28,CUST152,Male,43,Beauty,4,14000,56000,Denpasar,E-Wallet
153,2023-12-16,CUST153,Male,63,Snacks,2,14000,28000,Denpasar,Cash
154,2023-10-02,CUST154,Male,51,Fast Food,3,91000,273000,Yogyakarta,E-Wallet
155,2023-05-17,CUST155,Male,31,Beauty,4,34000,136000,Denpasar,E-Wallet
156,2023-11-25,CUST156,Female,43,Snacks,4,15000,60000,Surabaya,E-Wallet
157,2023-06-24,CUST157,Male,62,Snacks,4,16000,64000,Surabaya,Cash
158,2023-02-27,CUST158,Female,44,Fast Food,2,46000,92000,Yogyakarta,E-Wallet
159,2023-05-31,CUST159,Male,26,Fast Food,4,96000,384000,Jakarta,E-Wallet
160,2023-08-11,CUST160,Female,43,Fast Food,2,83000,166000,Bandung,E-Wallet
161,2023-03-22,CUST161,Male,64,Household Items,2,171000,342000,Medan,Cash
162,2023-08-21,CUST162,Male,39,Electronics,2,135000,270000,Jakarta,E-Wallet
163,2023-01-02,CUST163,Female,64,Beauty,3,26000,78000,Medan,Cash
164,2023-05-15,CUST164,Female,47,Household Items,3,888000,2664000,Surabaya,Credit Card
165,2023-09-14,CUST165,Female,60,Household Items,4,802000,3208000,Surabaya,Credit Card
166,2023-04-02,CUST166,Male,34,Clothing,4,94000,376000,Medan,E-Wallet
167,2023-09-17,CUST167,Female,43,Toys,3,298000,894000,Surabaya,E-Wallet
168,2023-02-24,CUST168,Male,53,Household Items,1,404000,404000,Jakarta,E-Wallet
169,2023-11-17,CUST169,Male,18,Fast Food,3,45000,135000,Medan,E-Wallet
170,2023-06-02,CUST170,Female,25,Electronics,2,905000,1810000,Medan,E-Wallet
171,2023-11-24,CUST171,Female,52,Clothing,3,170000,510000,Surabaya,E-Wallet
172,2023-09-17,CUST172,Male,32,Beauty,2,16000,32000,Yogyakarta,E-Wallet
173,2023-11-08,CUST173,Male,64,Household Items,4,149000,596000,Surabaya,E-Wallet
174,2023-04-12,CUST174,Female,39,Household Items,1,213000,213000,Denpasar,E-Wallet
175,2023-03-20,CUST175,Female,31,Toys,4,213000,852000,Denpasar,E-Wallet
176,2023-07-11,CUST176,Female,43,Fast Food,2,33000,66000,Denpasar,E-Wallet
177,2023-03-24,CUST177,Male,45,Clothing,2,308000,616000,Bandung,E-Wallet
178,2023-10-04,CUST178,Male,40,Snacks,2,6000,12000,Semarang,E-Wallet
179,2023-09-29,CUST179,Male,31,Household Items,1,698000,698000,Denpasar,E-Wallet
180,2023-01-01,CUST180,Male,41,Electronics,3,366000,1098000,Jakarta,E-Wallet
181,2023-11-03,CUST181,Male,19,Toys,4,216000,864000,Denpasar,E-Wallet
182,2023-06-15,CUST182,Male,62,Toys,4,299000,1196000,Bandung,Credit Card
183,2023-09-08,CUST183,Female,43,Toys,3,168000,504000,Semarang,E-Wallet
184,2023-01-10,CUST184,Male,31,Snacks,4,7000,28000,Denpasar,E-Wallet
185,2023-02-27,CUST185,Male,24,Beauty,1,21000,21000,Denpasar,E-Wallet
186,2023-07-05,CUST186,Male,20,Clothing,4,304000,1216000,Medan,E-Wallet
187,2023-06-07,CUST187,Female,64,Electronics,2,1986000,3972000,Jakarta,Credit Card
188,2023-05-03,CUST188,Male,40,Snacks,3,19000,57000,Yogyakarta,E-Wallet
189,2023-01-30,CUST189,Male,63,Beauty,1,21000,21000,Medan,Cash
190,2023-05-04,CUST190,Female,60,Beauty,3,45000,135000,Semarang,E-Wallet
191,2023-10-18,CUST191,Male,64,Electronics,1,1365000,1365000,Semarang,Credit Card
192,2023-02-10,CUST192,Male,62,Household Items,2,482000,964000,Bandung,E-Wallet
193,2023-02-13,CUST193,Male,35,Beauty,3,14000,42000,Denpasar,E-Wallet
194,2023-09-06,CUST194,Male,55,Clothing,4,174000,696000,Medan,E-Wallet
195,2023-02-05,CUST195,Male,52,Beauty,1,19000,19000,Medan,E-Wallet
196,2023-09-30,CUST196,Female,32,Snacks,3,10000,30000,Jakarta,E-Wallet
197,2023-03-06,CUST197,Female,42,Clothing,4,350000,1400000,Surabaya,Credit Card
198,2023-03-07,CUST198,Female,54,Beauty,3,17000,51000,Semarang,E-Wallet
199,2023-12-04,CUST199,Male,45,Beauty,3,14000,42000,Jakarta,E-Wallet
200,2023-09-01,CUST200,Male,27,Fast Food,3,61000,183000,Surabaya,E-Wallet
201,2023-10-09,CUST201,Male,56,Fast Food,1,90000,90000,Medan,E-Wallet
202,2023-03-26,CUST202,Female,34,Beauty,4,38000,152000,Bandung,E-Wallet
203,2023-05-16,CUST203,Male,56,Clothing,2,55000,110000,Medan,E-Wallet
204,2023-09-28,CUST204,Male,39,Electronics,1,263000,263000,Semarang,E-Wallet
205,2023-11-07,CUST205,Female,43,Snacks,1,14000,14000,Medan,E-Wallet
206,2023-08-05,CUST206,Male,61,Electronics,1,1319000,1319000,Yogyakarta,Credit Card
207,2023-04-19,CUST207,Female,42,Electronics,2,665000,1330000,Medan,Credit Card
208,2023-10-04,CUST208,Female,34,Electronics,4,584000,2336000,Yogyakarta,Credit Card
209,2023-12-20,CUST209,Female,30,Fast Food,4,63000,252000,Yogyakarta,E-Wallet
210,2023-04-13,CUST210,Male,37,Toys,4,132000,528000,Denpasar,E-Wallet
211,2024-01-01,CUST211,Male,42,Fast Food,3,67000,201000,Medan,E-Wallet
212,2023-06-09,CUST212,Male,21,Clothing,3,170000,510000,Bandung,E-Wallet
213,2023-07-24,CUST213,Male,27,Fast Food,3,25000,75000,Denpasar,E-Wallet
214,2023-12-10,CUST214,Male,20,Clothing,2,28000,56000,Denpasar,E-Wallet
215,2023-11-29,CUST215,Male,58,Electronics,3,1180000,3540000,Semarang,E-Wallet
216,2023-07-11,CUST216,Male,62,Beauty,2,11000,22000,Semarang,Cash
217,2023-08-13,CUST217,Female,35,Clothing,4,384000,1536000,Denpasar,Credit Card
218,2023-09-22,CUST218,Male,64,Household Items,3,796000,2388000,Bandung,Credit Card
219,2023-08-20,CUST219,Female,53,Electronics,3,291000,873000,Bandung,E-Wallet
220,2023-03-03,CUST220,Male,64,Electronics,1,1710000,1710000,Jakarta,Credit Card
221,2023-05-07,CUST221,Male,39,Clothing,2,252000,504000,Semarang,E-Wallet
222,2023-04-26,CUST222,Male,51,Snacks,4,6000,24000,Yogyakarta,E-Wallet
223,2023-02-02,CUST223,Female,64,Fast Food,1,83000,83000,Medan,Cash
224,2023-06-23,CUST224,Female,25,Snacks,1,6000,6000,Medan,Cash
225,2023-01-11,CUST225,Female,57,Fast Food,4,46000,184000,Semarang,E-Wallet
226,2023-10-29,CUST226,Female,61,Fast Food,1,39000,39000,Yogyakarta,Cash
227,2023-10-11,CUST227,Male,36,Snacks,2,16000,32000,Jakarta,E-Wallet
228,2023-04-28,CUST228,Female,59,Electronics,2,964000,1928000,Yogyakarta,Credit Card
229,2023-10-29,CUST229,Male,58,Household Items,3,781000,2343000,Denpasar,E-Wallet
230,2023-04-23,CUST230,Male,54,Fast Food,1,34000,34000,Semarang,E-Wallet
231,2023-01-04,CUST231,Female,23,Snacks,3,12000,36000,Bandung,E-Wallet
232,2023-02-06,CUST232,Female,43,Beauty,1,21000,21000,Yogyakarta,E-Wallet
233,2023-12-29,CUST233,Female,51,Fast Food,2,38000,76000,Surabaya,E-Wallet
234,2023-11-20,CUST234,Female,62,Fast Food,2,75000,150000,Denpasar,Cash
235,2023-01-31,CUST235,Female,23,Household Items,2,162000,324000,Medan,E-Wallet
236,2023-04-28,CUST236,Female,54,Toys,1,217000,217000,Surabaya,E-Wallet
237,2023-02-04,CUST237,Female,50,Toys,2,55000,110000,Yogyakarta,E-Wallet
238,2023-01-17,CUST238,Female,39,Beauty,1,25000,25000,Semarang,E-Wallet
239,2023-06-19,CUST239,Male,38,Electronics,3,1089000,3267000,Yogyakarta,E-Wallet
240,2023-02-06,CUST240,Female,23,Fast Food,1,35000,35000,Jakarta,E-Wallet
241,2023-09-21,CUST241,Female,23,Clothing,3,214000,642000,Medan,E-Wallet
242,2023-05-02,CUST242,Male,21,Household Items,1,881000,881000,Bandung,E-Wallet
243,2023-05-23,CUST243,Female,47,Fast Food,3,37000,111000,Surabaya,E-Wallet
244,2023-12-09,CUST244,Male,28,Snacks,2,14000,28000,Denpasar,E-Wallet
245,2023-09-06,CUST245,Male,47,Clothing,3,151000,453000,Yogyakarta,E-Wallet
246,2023-04-20,CUST246,Female,48,Electronics,2,1584000,3168000,Yogyakarta,Credit Card
247,2023-10-04,CUST247,Male,41,Snacks,2,7000,14000,Denpasar,E-Wallet
248,2023-03-09,CUST248,Male,26,Fast Food,3,91000,273000,Semarang,E-Wallet
249,2023-10-20,CUST249,Male,20,Beauty,1,11000,11000,Surabaya,E-Wallet
250,2023-10-23,CUST250,Male,48,Beauty,1,14000,14000,Bandung,E-Wallet
251,2023-08-31,CUST251,Female,57,Beauty,4,47000,188000,Yogyakarta,E-Wallet
252,2023-05-05,CUST252,Male,54,Toys,1,193000,193000,Bandung,E-Wallet
253,2023-08-31,CUST253,Female,53,Household Items,4,424000,1696000,Medan,Credit Card
254,2023-07-28,CUST254,Male,41,Fast Food,1,54000,54000,Surabaya,E-Wallet
255,2023-04-08,CUST255,Male,48,Toys,1,198000,198000,Denpasar,E-Wallet
256,2023-02-18,CUST256,Male,23,Beauty,2,50000,100000,Surabaya,E-Wallet
257,2023-02-19,CUST257,Male,19,Fast Food,4,21000,84000,Surabaya,E-Wallet
258,2023-12-04,CUST258,Female,37,Household Items,1,939000,939000,Denpasar,E-Wallet
259,2023-08-09,CUST259,Female,45,Electronics,4,1680000,6720000,Bandung,Credit Card
260,2023-07-01,CUST260,Male,28,Fast Food,2,71000,142000,Semarang,E-Wallet
261,2023-08-05,CUST261,Male,21,Beauty,2,26000,52000,Surabaya,E-Wallet
262,2023-07-30,CUST262,Female,32,Snacks,4,17000,68000,Yogyakarta,E-Wallet
263,2023-08-28,CUST263,Male,23,Toys,2,95000,190000,Bandung,E-Wallet
264,2023-01-28,CUST264,Male,47,Household Items,3,847000,2541000,Jakarta,E-Wallet
265,2023-12-11,CUST265,Male,55,Toys,3,170000,510000,Yogyakarta,E-Wallet
266,2023-12-01,CUST266,Female,19,Snacks,2,7000,14000,Medan,E-Wallet
267,2023-11-27,CUST267,Female,32,Fast Food,3,98000,294000,Denpasar,E-Wallet
268,2023-02-20,CUST268,Female,28,Snacks,1,15000,15000,Bandung,E-Wallet
269,2023-02-01,CUST269,Male,25,Snacks,4,8000,32000,Semarang,E-Wallet
270,2023-07-26,CUST270,Male,43,Household Items,1,492000,492000,Denpasar,E-Wallet
271,2023-06-23,CUST271,Female,62,Beauty,4,36000,144000,Yogyakarta,Cash
272,2023-02-25,CUST272,Female,61,Snacks,2,9000,18000,Bandung,Cash
273,2023-05-08,CUST273,Female,22,Clothing,1,185000,185000,Jakarta,E-Wallet
274,2023-04-09,CUST274,Female,23,Fast Food,2,67000,134000,Surabaya,E-Wallet
275,2023-04-08,CUST275,Male,43,Beauty,2,37000,74000,Surabaya,E-Wallet
276,2023-10-02,CUST276,Female,21,Clothing,4,28000,112000,Bandung,E-Wallet
277,2023-08-18,CUST277,Male,36,Household Items,4,353000,1412000,Surabaya,E-Wallet
278,2023-03-13,CUST278,Female,37,Beauty,4,37000,148000,Bandung,E-Wallet
279,2023-08-05,CUST279,Male,50,Clothing,1,374000,374000,Medan,E-Wallet
280,2023-04-04,CUST280,Female,37,Toys,3,146000,438000,Yogyakarta,E-Wallet
281,2023-05-23,CUST281,Female,29,Toys,4,205000,820000,Surabaya,E-Wallet
282,2023-08-25,CUST282,Female,64,Snacks,4,12000,48000,Surabaya,Cash
283,2023-05-08,CUST283,Female,18,Beauty,1,12000,12000,Bandung,E-Wallet
284,2023-02-08,CUST284,Male,43,Fast Food,4,46000,184000,Surabaya,E-Wallet
285,2023-08-15,CUST285,Female,31,Fast Food,1,77000,77000,Surabaya,E-Wallet
286,2023-10-09,CUST286,Male,55,Snacks,2,15000,30000,Denpasar,E-Wallet
287,2023-02-20,CUST287,Male,54,Electronics,4,1176000,4704000,Yogyakarta,E-Wallet
288,2023-01-26,CUST288,Male,28,Clothing,4,394000,1576000,Yogyakarta,E-Wallet
289,2023-11-30,CUST289,Male,53,Toys,2,285000,570000,Jakarta,E-Wallet
290,2023-10-04,CUST290,Female,30,Household Items,2,321000,642000,Semarang,E-Wallet
291,2023-01-08,CUST291,Male,60,Household Items,2,184000,368000,Denpasar,E-Wallet
292,2023-02-17,CUST292,Male,20,Toys,4,119000,476000,Yogyakarta,E-Wallet
293,2023-05-02,CUST293,Male,50,Fast Food,3,37000,111000,Medan,E-Wallet
294,2023-03-27,CUST294,Female,23,Beauty,3,29000,87000,Semarang,E-Wallet
295,2023-07-28,CUST295,Female,27,Electronics,3,1468000,4404000,Medan,E-Wallet
296,2023-09-06,CUST296,Female,22,Snacks,4,18000,72000,Medan,E-Wallet
297,2023-09-04,CUST297,Female,40,Clothing,2,466000,932000,Medan,E-Wallet
298,2023-04-20,CUST298,Male,27,Fast Food,4,29000,116000,Semarang,E-Wallet
299,2023-07-25,CUST299,Male,61,Fast Food,2,61000,122000,Bandung,Cash
300,2023-01-31,CUST300,Female,19,Electronics,4,476000,1904000,Bandung,E-Wallet
301,2023-03-26,CUST301,Male,30,Toys,4,122000,488000,Surabaya,E-Wallet
302,2023-07-14,CUST302,Male,57,Toys,2,136000,272000,Jakarta,E-Wallet
303,2023-01-02,CUST303,Male,19,Household Items,3,581000,1743000,Jakarta,E-Wallet
304,2023-07-19,CUST304,Female,37,Toys,2,109000,218000,Semarang,E-Wallet
305,2023-05-16,CUST305,Female,18,Toys,1,153000,153000,Bandung,E-Wallet
306,2023-08-21,CUST306,Male,54,Household Items,1,615000,615000,Medan,E-Wallet
307,2023-05-27,CUST307,Female,26,Electronics,2,362000,724000,Semarang,E-Wallet
308,2023-08-05,CUST308,Female,34,Clothing,4,430000,1720000,Medan,Credit Card
309,2023-12-23,CUST309,Female,26,Beauty,1,26000,26000,Yogyakarta,E-Wallet
310,2023-10-12,CUST310,Female,28,Electronics,1,346000,346000,Denpasar,E-Wallet
311,2023-12-05,CUST311,Female,32,Fast Food,4,47000,188000,Jakarta,E-Wallet
312,2023-09-07,CUST312,Male,41,Fast Food,4,97000,388000,Denpasar,E-Wallet
313,2023-03-21,CUST313,Female,55,Snacks,3,17000,51000,Jakarta,E-Wallet
314,2023-04-08,CUST314,Male,52,Household Items,4,602000,2408000,Jakarta,E-Wallet
315,2023-06-01,CUST315,Male,47,Clothing,2,319000,638000,Medan,E-Wallet
316,2023-04-22,CUST316,Female,48,Snacks,2,8000,16000,Yogyakarta,E-Wallet
317,2023-01-30,CUST317,Male,22,Snacks,3,15000,45000,Jakarta,E-Wallet
318,2023-10-24,CUST318,Male,61,Snacks,1,10000,10000,Denpasar,Cash
319,2023-10-05,CUST319,Male,31,Toys,1,120000,120000,Medan,E-Wallet
320,2023-02-01,CUST320,Female,28,Snacks,4,10000,40000,Bandung,E-Wallet
321,2023-06-10,CUST321,Female,26,Beauty,2,26000,52000,Yogyakarta,E-Wallet
322,2023-01-30,CUST322,Male,51,Clothing,1,474000,474000,Surabaya,E-Wallet
323,2023-01-26,CUST323,Female,29,Toys,3,216000,648000,Denpasar,E-Wallet
324,2023-10-27,CUST324,Female,52,Fast Food,3,59000,177000,Surabaya,E-Wallet
325,2023-09-02,CUST325,Female,52,Snacks,2,8000,16000,Medan,E-Wallet
326,2023-09-15,CUST326,Female,18,Fast Food,3,33000,99000,Bandung,E-Wallet
327,2023-09-29,CUST327,Male,57,Electronics,3,551000,1653000,Denpasar,E-Wallet
328,2023-03-22,CUST328,Male,39,Electronics,2,1044000,2088000,Semarang,E-Wallet
329,2023-01-30,CUST329,Female,46,Clothing,4,197000,788000,Semarang,E-Wallet
330,2023-09-18,CUST330,Female,25,Electronics,4,1777000,7108000,Denpasar,Credit Card
331,2023-02-11,CUST331,Male,28,Clothing,3,138000,414000,Semarang,E-Wallet
332,2023-04-06,CUST332,Male,58,Fast Food,4,58000,232000,Jakarta,E-Wallet
333,2023-02-05,CUST333,Female,54,Toys,4,161000,644000,Jakarta,E-Wallet
334,2023-11-01,CUST334,Male,31,Fast Food,3,38000,114000,Jakarta,E-Wallet
335,2023-02-04,CUST335,Female,47,Toys,4,201000,804000,Semarang,E-Wallet
336,2023-12-12,CUST336,Female,52,Fast Food,3,92000,276000,Semarang,E-Wallet
337,2023-05-01,CUST337,Male,38,Household Items,1,943000,943000,Jakarta,E-Wallet
338,2023-07-26,CUST338,Male,54,Household Items,2,909000,1818000,Surabaya,E-Wallet
339,2023-03-03,CUST339,Female,22,Fast Food,2,50000,100000,Medan,E-Wallet
340,2023-10-19,CUST340,Female,36,Beauty,4,47000,188000,Medan,E-Wallet
341,2023-05-07,CUST341,Male,31,Clothing,4,360000,1440000,Yogyakarta,E-Wallet
342,2023-10-24,CUST342,Female,43,Beauty,4,49000,196000,Denpasar,E-Wallet
343,2023-11-01,CUST343,Male,21,Snacks,2,10000,20000,Semarang,E-Wallet
344,2023-01-21,CUST344,Female,42,Household Items,1,448000,448000,Jakarta,E-Wallet
345,2023-11-14,CUST345,Male,62,Fast Food,1,27000,27000,Yogyakarta,Cash
346,2023-02-11,CUST346,Male,59,Snacks,2,11000,22000,Yogyakarta,E-Wallet
347,2023-08-03,CUST347,Male,42,Household Items,1,602000,602000,Semarang,E-Wallet
348,2023-12-03,CUST348,Female,35,Toys,2,276000,552000,Medan,E-Wallet
349,2023-10-26,CUST349,Female,57,Household Items,1,259000,259000,Bandung,E-Wallet
350,2023-10-17,CUST350,Male,25,Clothing,3,32000,96000,Surabaya,E-Wallet
351,2023-09-25,CUST351,Female,56,Beauty,3,38000,114000,Jakarta,E-Wallet
352,2023-06-11,CUST352,Male,57,Clothing,2,421000,842000,Jakarta,E-Wallet
353,2023-05-14,CUST353,Male,31,Snacks,1,19000,19000,Semarang,E-Wallet
354,2023-04-15,CUST354,Female,49,Electronics,4,1222000,4888000,Denpasar,Credit Card
355,2023-12-09,CUST355,Female,55,Electronics,1,1624000,1624000,Yogyakarta,Credit Card
356,2023-06-10,CUST356,Male,50,Snacks,3,12000,36000,Medan,E-Wallet
357,2023-05-03,CUST357,Female,40,Toys,3,149000,447000,Surabaya,E-Wallet
358,2023-05-16,CUST358,Female,32,Clothing,1,76000,76000,Surabaya,E-Wallet
359,2023-07-22,CUST359,Male,50,Household Items,1,526000,526000,Denpasar,E-Wallet
360,2023-03-09,CUST360,Male,42,Snacks,4,6000,24000,Yogyakarta,E-Wallet
361,2023-12-10,CUST361,Female,34,Electronics,4,631000,2524000,Denpasar,Credit Card
362,2023-11-27,CUST362,Male,50,Snacks,1,12000,12000,Surabaya,E-Wallet
363,2023-06-03,CUST363,Male,64,Toys,1,204000,204000,Yogyakarta,Cash
364,2023-08-23,CUST364,Female,19,Household Items,1,515000,515000,Surabaya,E-Wallet
365,2023-06-11,CUST365,Male,31,Toys,1,222000,222000,Semarang,E-Wallet
366,2023-02-07,CUST366,Male,57,Clothing,2,210000,420000,Yogyakarta,E-Wallet
367,2023-01-05,CUST367,Female,57,Clothing,1,412000,412000,Surabaya,E-Wallet
368,2023-08-23,CUST368,Female,56,Beauty,4,25000,100000,Medan,E-Wallet
369,2023-11-15,CUST369,Male,23,Household Items,3,617000,1851000,Semarang,E-Wallet
370,2023-10-16,CUST370,Male,23,Fast Food,2,90000,180000,Medan,E-Wallet
371,2023-02-21,CUST371,Female,20,Household Items,1,129000,129000,Surabaya,E-Wallet
372,2023-02-07,CUST372,Female,24,Clothing,3,246000,738000,Jakarta,E-Wallet
373,2023-10-03,CUST373,Female,25,Household Items,2,350000,700000,Yogyakarta,E-Wallet
374,2023-04-20,CUST374,Female,59,Snacks,3,6000,18000,Yogyakarta,E-Wallet
375,2023-09-17,CUST375,Male,32,Beauty,1,19000,19000,Semarang,E-Wallet
376,2023-05-16,CUST376,Female,64,Snacks,1,11000,11000,Jakarta,Cash
377,2023-03-09,CUST377,Female,46,Toys,4,203000,812000,Yogyakarta,E-Wallet
378,2023-06-28,CUST378,Male,50,Fast Food,1,89000,89000,Surabaya,E-Wallet
379,2023-02-05,CUST379,Female,47,Electronics,1,1669000,1669000,Semarang,Credit Card
380,2023-05-06,CUST380,Male,56,Snacks,2,19000,38000,Surabaya,E-Wallet
381,2023-07-09,CUST381,Female,44,Snacks,4,11000,44000,Denpasar,E-Wallet
382,2023-05-26,CUST382,Female,53,Clothing,2,386000,772000,Medan,E-Wallet
383,2023-03-22,CUST383,Female,46,Household Items,3,694000,2082000,Surabaya,Credit Card
384,2023-08-13,CUST384,Male,55,Toys,1,205000,205000,Bandung,E-Wallet
385,2023-10-06,CUST385,Male,50,Electronics,3,1528000,4584000,Semarang,E-Wallet
386,2023-12-27,CUST386,Female,54,Beauty,2,47000,94000,Semarang,E-Wallet
387,2023-06-04,CUST387,Male,44,Beauty,1,47000,47000,Jakarta,E-Wallet
388,2023-11-10,CUST388,Male,50,Household Items,1,767000,767000,Semarang,E-Wallet
389,2023-12-01,CUST389,Male,21,Toys,2,274000,548000,Jakarta,E-Wallet
390,2023-09-28,CUST390,Male,39,Fast Food,2,28000,56000,Surabaya,E-Wallet
391,2023-01-05,CUST391,Male,19,Beauty,2,48000,96000,Semarang,E-Wallet
392,2023-12-08,CUST392,Male,27,Household Items,2,736000,1472000,Medan,E-Wallet
393,2023-10-11,CUST393,Female,22,Electronics,2,642000,1284000,Yogyakarta,E-Wallet
394,2023-06-03,CUST394,Female,27,Clothing,1,71000,71000,Surabaya,E-Wallet
395,2023-12-06,CUST395,Male,50,Electronics,2,523000,1046000,Denpasar,E-Wallet
396,2023-02-23,CUST396,Female,55,Fast Food,1,84000,84000,Yogyakarta,E-Wallet
397,2023-03-10,CUST397,Female,30,Toys,1,292000,292000,Surabaya,E-Wallet
398,2023-05-16,CUST398,Female,48,Clothing,2,239000,478000,Denpasar,E-Wallet
399,2023-03-01,CUST399,Female,64,Electronics,2,554000,1108000,Bandung,Credit Card
400,2023-02-24,CUST400,Male,53,Clothing,4,312000,1248000,Denpasar,E-Wallet
401,2023-10-11,CUST401,Female,62,Snacks,1,9000,9000,Denpasar,Cash
402,2023-03-21,CUST402,Female,41,Snacks,2,9000,18000,Jakarta,E-Wallet
403,2023-05-20,CUST403,Male,32,Fast Food,2,57000,114000,Bandung,E-Wallet
404,2023-05-25,CUST404,Male,46,Clothing,2,116000,232000,Surabaya,E-Wallet
405,2023-11-06,CUST405,Female,25,Toys,4,284000,1136000,Medan,E-Wallet
406,2023-04-18,CUST406,Female,22,Beauty,4,12000,48000,Denpasar,E-Wallet
407,2023-06-25,CUST407,Female,46,Fast Food,3,58000,174000,Jakarta,E-Wallet
408,2023-04-15,CUST408,Female,64,Toys,1,283000,283000,Bandung,Cash
409,2023-12-18,CUST409,Female,21,Snacks,3,11000,33000,Surabaya,E-Wallet
410,2023-11-21,CUST410,Female,29,Snacks,2,8000,16000,Surabaya,E-Wallet
411,2023-05-16,CUST411,Male,62,Toys,4,240000,960000,Semarang,E-Wallet
412,2023-09-16,CUST412,Female,19,Snacks,4,20000,80000,Yogyakarta,E-Wallet
413,2023-09-08,CUST413,Female,44,Snacks,3,18000,54000,Semarang,E-Wallet
414,2023-05-09,CUST414,Male,48,Clothing,4,230000,920000,Denpasar,E-Wallet
415,2023-01-27,CUST415,Male,53,Household Items,2,229000,458000,Surabaya,E-Wallet
416,2023-02-17,CUST416,Male,53,Household Items,4,613000,2452000,Yogyakarta,E-Wallet
417,2023-11-21,CUST417,Male,43,Fast Food,3,54000,162000,Bandung,E-Wallet
418,2023-08-05,CUST418,Female,60,Clothing,2,497000,994000,Yogyakarta,E-Wallet
419,2023-05-22,CUST419,Female,44,Beauty,3,24000,72000,Surabaya,E-Wallet
420,2023-01-23,CUST420,Female,22,Electronics,4,409000,1636000,Semarang,E-Wallet
421,2023-01-02,CUST421,Female,37,Beauty,3,49000,147000,Yogyakarta,E-Wallet
422,2023-06-20,CUST422,Female,28,Fast Food,3,27000,81000,Yogyakarta,E-Wallet
423,2023-03-08,CUST423,Female,27,Clothing,1,50000,50000,Surabaya,E-Wallet
424,2023-11-23,CUST424,Male,57,Electronics,4,1765000,7060000,Yogyakarta,E-Wallet
425,2023-05-15,CUST425,Female,55,Beauty,4,45000,180000,Yogyakarta,E-Wallet
426,2023-03-24,CUST426,Male,23,Household Items,3,160000,480000,Jakarta,E-Wallet
427,2023-08-15,CUST427,Male,25,Fast Food,1,47000,47000,Denpasar,E-Wallet
428,2023-10-10,CUST428,Female,40,Fast Food,4,40000,160000,Semarang,E-Wallet
429,2023-12-28,CUST429,Male,64,Clothing,2,406000,812000,Bandung,E-Wallet
430,2023-08-07,CUST430,Female,43,Clothing,3,84000,252000,Yogyakarta,E-Wallet
431,2023-10-15,CUST431,Male,63,Electronics,4,249000,996000,Yogyakarta,E-Wallet
432,2023-01-05,CUST432,Female,60,Fast Food,2,40000,80000,Surabaya,E-Wallet
433,2023-02-27,CUST433,Male,29,Toys,4,78000,312000,Yogyakarta,E-Wallet
434,2023-02-08,CUST434,Female,43,Toys,2,65000,130000,Medan,E-Wallet
435,2023-12-20,CUST435,Female,30,Toys,3,62000,186000,Jakarta,E-Wallet
436,2023-03-18,CUST436,Female,57,Fast Food,4,33000,132000,Yogyakarta,E-Wallet
437,2023-10-07,CUST437,Female,35,Electronics,4,920000,3680000,Semarang,Credit Card
438,2023-01-19,CUST438,Female,42,Clothing,1,150000,150000,Semarang,E-Wallet
439,2023-07-09,CUST439,Male,50,Clothing,3,105000,315000,Bandung,E-Wallet
440,2023-10-26,CUST440,Male,64,Household Items,2,237000,474000,Medan,Cash
441,2023-10-10,CUST441,Male,57,Clothing,4,204000,816000,Semarang,E-Wallet
442,2023-03-17,CUST442,Female,60,Snacks,4,18000,72000,Bandung,E-Wallet
443,2023-08-09,CUST443,Male,29,Fast Food,2,54000,108000,Medan,E-Wallet
444,2023-03-07,CUST444,Female,61,Toys,3,261000,783000,Jakarta,E-Wallet
445,2023-01-22,CUST445,Female,53,Electronics,1,1047000,1047000,Surabaya,Credit Card
446,2023-06-07,CUST446,Male,21,Electronics,1,943000,943000,Bandung,E-Wallet
447,2023-07-06,CUST447,Male,22,Snacks,4,19000,76000,Surabaya,E-Wallet
448,2023-01-21,CUST448,Female,54,Snacks,2,12000,24000,Surabaya,E-Wallet
449,2023-07-03,CUST449,Male,25,Snacks,4,18000,72000,Yogyakarta,E-Wallet
450,2023-04-18,CUST450,Female,59,Household Items,2,589000,1178000,Surabaya,Credit Card
451,2023-12-16,CUST451,Female,45,Electronics,1,923000,923000,Yogyakarta,E-Wallet
452,2023-05-08,CUST452,Female,48,Snacks,3,9000,27000,Medan,E-Wallet
453,2023-12-08,CUST453,Female,26,Toys,2,57000,114000,Medan,E-Wallet
454,2023-02-22,CUST454,Female,46,Fast Food,1,39000,39000,Surabaya,E-Wallet
455,2023-07-01,CUST455,Male,31,Clothing,4,176000,704000,Surabaya,E-Wallet
456,2023-10-14,CUST456,Male,57,Fast Food,2,74000,148000,Surabaya,E-Wallet
457,2023-07-28,CUST457,Female,58,Fast Food,3,52000,156000,Semarang,E-Wallet
458,2023-11-14,CUST458,Female,39,Fast Food,4,66000,264000,Medan,E-Wallet
459,2023-03-21,CUST459,Male,28,Toys,4,120000,480000,Surabaya,E-Wallet
460,2023-05-02,CUST460,Male,40,Clothing,1,35000,35000,Semarang,E-Wallet
461,2023-03-25,CUST461,Female,18,Fast Food,2,70000,140000,Medan,E-Wallet
462,2023-04-01,CUST462,Male,63,Electronics,4,1890000,7560000,Jakarta,Credit Card
463,2023-07-31,CUST463,Female,54,Fast Food,3,94000,282000,Jakarta,E-Wallet
464,2023-01-13,CUST464,Male,38,Toys,2,258000,516000,Semarang,E-Wallet
465,2023-04-02,CUST465,Female,43,Clothing,3,336000,1008000,Denpasar,Credit Card
466,2023-06-20,CUST466,Male,63,Snacks,4,19000,76000,Jakarta,Cash
467,2023-07-30,CUST467,Female,53,Toys,3,137000,411000,Jakarta,E-Wallet
468,2023-12-09,CUST468,Male,40,Beauty,1,19000,19000,Jakarta,E-Wallet
469,2023-05-08,CUST469,Male,18,Toys,3,294000,882000,Denpasar,E-Wallet
470,2023-05-17,CUST470,Female,57,Electronics,2,1765000,3530000,Semarang,Credit Card
471,2023-03-23,CUST471,Male,32,Beauty,3,16000,48000,Semarang,E-Wallet
472,2023-12-26,CUST472,Female,38,Electronics,3,811000,2433000,Bandung,Credit Card
473,2023-02-25,CUST473,Male,64,Fast Food,1,49000,49000,Yogyakarta,Cash
474,2023-07-15,CUST474,Female,26,Snacks,3,7000,21000,Jakarta,E-Wallet
475,2023-01-20,CUST475,Male,26,Clothing,3,448000,1344000,Denpasar,E-Wallet
476,2023-08-29,CUST476,Female,27,Fast Food,4,59000,236000,Semarang,E-Wallet
477,2023-04-24,CUST477,Male,43,Snacks,4,13000,52000,Semarang,E-Wallet
478,2023-04-13,CUST478,Female,58,Electronics,2,979000,1958000,Surabaya,Credit Card
479,2023-08-24,CUST479,Male,52,Household Items,4,839000,3356000,Denpasar,E-Wallet
480,2023-06-29,CUST480,Female,42,Snacks,4,8000,32000,Bandung,E-Wallet
481,2023-06-06,CUST481,Female,43,Beauty,4,16000,64000,Surabaya,E-Wallet
482,2023-04-27,CUST482,Female,28,Snacks,4,14000,56000,Yogyakarta,E-Wallet
483,2023-04-25,CUST483,Male,55,Snacks,1,14000,14000,Medan,E-Wallet
484,2023-01-13,CUST484,Female,19,Fast Food,4,84000,336000,Medan,E-Wallet
485,2023-12-04,CUST485,Male,24,Fast Food,1,83000,83000,Denpasar,E-Wallet
486,2023-04-09,CUST486,Female,35,Fast Food,1,86000,86000,Denpasar,E-Wallet
487,2023-07-24,CUST487,Male,44,Household Items,4,724000,2896000,Jakarta,E-Wallet
488,2023-06-18,CUST488,Female,51,Household Items,3,335000,1005000,Surabaya,Credit Card
489,2023-05-23,CUST489,Male,44,Electronics,1,1680000,1680000,Yogyakarta,E-Wallet
490,2023-02-05,CUST490,Male,34,Snacks,3,15000,45000,Jakarta,E-Wallet
491,2023-05-23,CUST491,Female,60,Toys,3,109000,327000,Bandung,E-Wallet
492,2023-06-29,CUST492,Male,61,Household Items,4,778000,3112000,Bandung,Credit Card
493,2023-11-25,CUST493,Male,41,Beauty,2,18000,36000,Surabaya,E-Wallet
494,2023-09-18,CUST494,Female,42,Clothing,4,465000,1860000,Yogyakarta,Credit Card
495,2023-07-24,CUST495,Male,24,Household Items,2,595000,1190000,Bandung,E-Wallet
496,2023-12-14,CUST496,Male,23,Fast Food,2,83000,166000,Semarang,E-Wallet
497,2023-10-02,CUST497,Male,41,Snacks,4,18000,72000,Yogyakarta,E-Wallet
498,2023-06-19,CUST498,Female,50,Electronics,4,1769000,7076000,Yogyakarta,Credit Card
499,2023-01-15,CUST499,Male,46,Electronics,2,393000,786000,Yogyakarta,E-Wallet
500,2023-03-01,CUST500,Female,60,Beauty,4,48000,192000,Jakarta,E-Wallet
501,2023-05-14,CUST501,Male,39,Clothing,2,250000,500000,Bandung,E-Wallet
502,2023-04-02,CUST502,Male,43,Household Items,3,800000,2400000,Semarang,E-Wallet
503,2023-10-25,CUST503,Male,45,Beauty,4,34000,136000,Medan,E-Wallet
504,2023-05-16,CUST504,Female,38,Clothing,3,333000,999000,Yogyakarta,E-Wallet
505,2023-01-20,CUST505,Male,24,Electronics,1,1087000,1087000,Semarang,E-Wallet
506,2023-02-25,CUST506,Male,34,Household Items,3,700000,2100000,Surabaya,E-Wallet
507,2023-11-02,CUST507,Female,37,Beauty,3,28000,84000,Medan,E-Wallet
508,2023-08-11,CUST508,Male,58,Electronics,2,1986000,3972000,Yogyakarta,E-Wallet
509,2023-06-26,CUST509,Female,37,Snacks,3,16000,48000,Jakarta,E-Wallet
510,2023-06-10,CUST510,Female,39,Household Items,4,503000,2012000,Bandung,Credit Card
511,2023-08-12,CUST511,Male,45,Toys,2,241000,482000,Semarang,E-Wallet
512,2023-11-07,CUST512,Female,57,Household Items,1,627000,627000,Medan,E-Wallet
513,2023-09-19,CUST513,Male,24,Clothing,4,329000,1316000,Surabaya,E-Wallet
514,2023-03-01,CUST514,Female,18,Household Items,1,814000,814000,Jakarta,E-Wallet
515,2023-07-17,CUST515,Female,49,Toys,3,115000,345000,Denpasar,E-Wallet
516,2023-10-23,CUST516,Male,30,Electronics,4,759000,3036000,Bandung,E-Wallet
517,2023-04-08,CUST517,Female,47,Beauty,4,14000,56000,Surabaya,E-Wallet
518,2023-05-11,CUST518,Female,40,Electronics,1,1800000,1800000,Medan,Credit Card
519,2023-01-23,CUST519,Female,36,Beauty,4,31000,124000,Yogyakarta,E-Wallet
520,2023-12-29,CUST520,Female,49,Beauty,4,38000,152000,Jakarta,E-Wallet
521,2023-08-12,CUST521,Female,47,Snacks,4,9000,36000,Semarang,E-Wallet
522,2023-01-01,CUST522,Male,46,Household Items,3,518000,1554000,Medan,E-Wallet
523,2023-09-24,CUST523,Female,62,Toys,1,209000,209000,Jakarta,Cash
524,2023-10-03,CUST524,Male,46,Toys,4,50000,200000,Yogyakarta,E-Wallet
525,2023-12-18,CUST525,Female,47,Electronics,2,825000,1650000,Denpasar,Credit Card
526,2023-12-10,CUST526,Male,33,Clothing,2,170000,340000,Surabaya,E-Wallet
527,2023-04-11,CUST527,Male,57,Toys,2,55000,110000,Denpasar,E-Wallet
528,2023-07-06,CUST528,Female,36,Clothing,2,382000,764000,Denpasar,E-Wallet
529,2023-08-09,CUST529,Female,35,Snacks,3,8000,24000,Denpasar,E-Wallet
530,2023-02-05,CUST530,Female,18,Electronics,4,1344000,5376000,Medan,Credit Card
531,2023-12-07,CUST531,Male,31,Beauty,1,40000,40000,Semarang,E-Wallet
532,2023-06-19,CUST532,Female,64,Toys,4,249000,996000,Semarang,E-Wallet
533,2023-11-16,CUST533,Male,19,Fast Food,3,30000,90000,Yogyakarta,E-Wallet
534,2023-06-10,CUST534,Male,45,Clothing,2,223000,446000,Denpasar,E-Wallet
535,2023-12-06,CUST535,Male,47,Fast Food,3,66000,198000,Jakarta,E-Wallet
536,2023-03-05,CUST536,Female,55,Beauty,4,49000,196000,Yogyakarta,E-Wallet
537,2023-06-03,CUST537,Female,21,Toys,1,261000,261000,Bandung,E-Wallet
538,2023-09-17,CUST538,Male,18,Toys,3,110000,330000,Jakarta,E-Wallet
539,2023-06-08,CUST539,Male,25,Snacks,1,9000,9000,Yogyakarta,Cash
540,2023-12-08,CUST540,Female,46,Snacks,3,16000,48000,Denpasar,E-Wallet
541,2023-07-29,CUST541,Male,56,Snacks,1,19000,19000,Jakarta,E-Wallet
542,2023-06-17,CUST542,Female,20,Toys,1,181000,181000,Surabaya,E-Wallet
543,2023-07-26,CUST543,Male,49,Clothing,2,164000,328000,Surabaya,E-Wallet
544,2023-12-23,CUST544,Female,27,Electronics,1,256000,256000,Jakarta,E-Wallet
545,2023-06-01,CUST545,Male,27,Beauty,2,27000,54000,Yogyakarta,E-Wallet
546,2023-10-11,CUST546,Female,36,Household Items,4,644000,2576000,Medan,Credit Card
547,2023-03-07,CUST547,Male,63,Household Items,4,122000,488000,Jakarta,Cash
548,2023-04-09,CUST548,Female,51,Beauty,2,17000,34000,Surabaya,E-Wallet
549,2023-08-04,CUST549,Female,50,Fast Food,2,38000,76000,Bandung,E-Wallet
550,2023-12-07,CUST550,Male,40,Beauty,3,15000,45000,Jakarta,E-Wallet
551,2023-07-14,CUST551,Male,45,Fast Food,3,35000,105000,Denpasar,E-Wallet
552,2023-12-13,CUST552,Female,49,Beauty,3,38000,114000,Bandung,E-Wallet
553,2023-03-31,CUST553,Male,24,Toys,4,147000,588000,Surabaya,E-Wallet
554,2023-11-12,CUST554,Female,46,Snacks,3,14000,42000,Semarang,E-Wallet
555,2023-10-19,CUST555,Male,25,Fast Food,1,48000,48000,Denpasar,E-Wallet
556,2023-06-04,CUST556,Female,18,Household Items,1,301000,301000,Semarang,E-Wallet
557,2023-07-27,CUST557,Female,20,Household Items,3,866000,2598000,Surabaya,E-Wallet
558,2023-10-08,CUST558,Female,41,Clothing,1,179000,179000,Yogyakarta,E-Wallet
559,2023-01-01,CUST559,Female,40,Electronics,4,914000,3656000,Surabaya,Credit Card
560,2023-06-05,CUST560,Female,25,Beauty,1,27000,27000,Denpasar,E-Wallet
561,2023-05-27,CUST561,Female,64,Toys,4,129000,516000,Denpasar,E-Wallet
562,2023-04-18,CUST562,Male,54,Snacks,2,14000,28000,Bandung,E-Wallet
563,2023-08-09,CUST563,Male,20,Household Items,2,147000,294000,Denpasar,E-Wallet
564,2023-10-24,CUST564,Male,50,Household Items,2,147000,294000,Bandung,E-Wallet
565,2023-11-07,CUST565,Female,45,Toys,2,157000,314000,Medan,E-Wallet
566,2023-12-02,CUST566,Female,64,Electronics,1,1781000,1781000,Surabaya,Credit Card
567,2023-06-14,CUST567,Female,25,Fast Food,3,31000,93000,Surabaya,E-Wallet
568,2023-08-27,CUST568,Female,51,Electronics,1,1757000,1757000,Surabaya,Credit Card
569,2023-08-15,CUST569,Male,52,Toys,4,260000,1040000,Surabaya,E-Wallet
570,2023-08-15,CUST570,Male,49,Fast Food,1,53000,53000,Surabaya,E-Wallet
571,2023-12-12,CUST571,Female,41,Toys,1,160000,160000,Medan,E-Wallet
572,2023-04-20,CUST572,Male,31,Fast Food,4,25000,100000,Medan,E-Wallet
573,2023-09-19,CUST573,Male,49,Snacks,2,9000,18000,Semarang,E-Wallet
574,2023-08-31,CUST574,Female,63,Fast Food,2,49000,98000,Denpasar,Cash
575,2023-03-28,CUST575,Male,60,Toys,2,154000,308000,Semarang,E-Wallet
576,2023-12-04,CUST576,Female,33,Electronics,3,1172000,3516000,Jakarta,Credit Card
577,2023-02-13,CUST577,Male,21,Household Items,4,829000,3316000,Semarang,E-Wallet
578,2023-05-26,CUST578,Female,54,Fast Food,4,52000,208000,Denpasar,E-Wallet
579,2023-09-21,CUST579,Female,38,Clothing,1,432000,432000,Medan,E-Wallet
580,2023-12-06,CUST580,Female,31,Household Items,3,480000,1440000,Jakarta,Credit Card
581,2023-11-21,CUST581,Female,48,Snacks,2,8000,16000,Bandung,E-Wallet
582,2023-11-14,CUST582,Male,35,Snacks,3,14000,42000,Semarang,E-Wallet
583,2023-06-21,CUST583,Female,24,Electronics,4,146000,584000,Denpasar,E-Wallet
584,2023-02-17,CUST584,Female,27,Clothing,4,34000,136000,Yogyakarta,E-Wallet
585,2023-05-01,CUST585,Female,24,Beauty,1,32000,32000,Denpasar,E-Wallet
586,2023-12-11,CUST586,Male,50,Clothing,1,371000,371000,Yogyakarta,E-Wallet
587,2023-06-08,CUST587,Female,40,Household Items,4,101000,404000,Denpasar,E-Wallet
588,2023-04-26,CUST588,Male,38,Fast Food,2,52000,104000,Yogyakarta,E-Wallet
589,2023-04-12,CUST589,Female,36,Clothing,2,231000,462000,Medan,E-Wallet
590,2023-03-17,CUST590,Male,36,Household Items,3,163000,489000,Bandung,E-Wallet
591,2023-01-13,CUST591,Male,53,Snacks,4,10000,40000,Yogyakarta,E-Wallet
592,2023-01-24,CUST592,Female,46,Toys,4,121000,484000,Surabaya,E-Wallet
593,2023-05-06,CUST593,Male,35,Toys,2,89000,178000,Jakarta,E-Wallet
594,2023-09-01,CUST594,Female,19,Electronics,2,173000,346000,Denpasar,E-Wallet
595,2023-11-09,CUST595,Female,18,Household Items,4,756000,3024000,Medan,E-Wallet
596,2023-02-07,CUST596,Female,64,Snacks,1,18000,18000,Surabaya,Cash
597,2023-08-22,CUST597,Male,22,Snacks,4,8000,32000,Bandung,E-Wallet
598,2023-08-01,CUST598,Male,37,Beauty,4,47000,188000,Surabaya,E-Wallet
599,2023-11-19,CUST599,Female,28,Toys,2,235000,470000,Bandung,E-Wallet
600,2023-10-22,CUST600,Female,59,Snacks,2,15000,30000,Denpasar,E-Wallet
601,2023-04-10,CUST601,Male,19,Snacks,1,8000,8000,Surabaya,Cash
602,2023-12-23,CUST602,Female,20,Clothing,1,327000,327000,Medan,E-Wallet
603,2023-07-16,CUST603,Female,40,Fast Food,3,83000,249000,Jakarta,E-Wallet
604,2023-09-11,CUST604,Female,29,Electronics,4,315000,1260000,Yogyakarta,E-Wallet
605,2023-07-24,CUST605,Male,37,Household Items,2,185000,370000,Semarang,E-Wallet
606,2023-05-05,CUST606,Male,22,Beauty,1,24000,24000,Semarang,E-Wallet
607,2023-03-17,CUST607,Male,54,Household Items,3,133000,399000,Bandung,E-Wallet
608,2023-12-02,CUST608,Female,55,Household Items,3,389000,1167000,Bandung,Credit Card
609,2023-12-19,CUST609,Female,47,Snacks,2,18000,36000,Bandung,E-Wallet
610,2023-01-03,CUST610,Female,26,Toys,2,280000,560000,Semarang,E-Wallet
611,2023-02-24,CUST611,Male,51,Fast Food,3,50000,150000,Yogyakarta,E-Wallet
612,2023-08-06,CUST612,Female,61,Clothing,1,386000,386000,Yogyakarta,Cash
613,2023-04-23,CUST613,Female,52,Household Items,3,275000,825000,Denpasar,E-Wallet
614,2023-04-01,CUST614,Female,39,Toys,4,142000,568000,Jakarta,E-Wallet
615,2023-12-23,CUST615,Female,61,Household Items,4,529000,2116000,Semarang,Credit Card
616,2023-09-23,CUST616,Male,41,Household Items,2,667000,1334000,Semarang,E-Wallet
617,2023-08-26,CUST617,Male,34,Beauty,1,13000,13000,Semarang,E-Wallet
618,2023-01-26,CUST618,Female,27,Clothing,1,424000,424000,Denpasar,E-Wallet
619,2023-10-13,CUST619,Male,47,Household Items,4,534000,2136000,Bandung,E-Wallet
620,2023-05-08,CUST620,Male,63,Snacks,3,18000,54000,Yogyakarta,Cash
621,2023-03-04,CUST621,Female,40,Clothing,2,208000,416000,Surabaya,E-Wallet
622,2023-08-22,CUST622,Female,49,Household Items,3,679000,2037000,Jakarta,Credit Card
623,2023-03-10,CUST623,Male,34,Toys,3,51000,153000,Jakarta,E-Wallet
624,2023-08-26,CUST624,Female,34,Electronics,3,1534000,4602000,Bandung,Credit Card
625,2023-12-08,CUST625,Male,31,Electronics,1,298000,298000,Yogyakarta,E-Wallet
626,2023-09-29,CUST626,Female,26,Snacks,4,11000,44000,Bandung,E-Wallet
627,2023-10-14,CUST627,Male,57,Household Items,1,594000,594000,Jakarta,E-Wallet
628,2023-11-01,CUST628,Female,19,Toys,4,262000,1048000,Medan,E-Wallet
629,2023-06-12,CUST629,Male,62,Fast Food,2,97000,194000,Denpasar,Cash
630,2023-08-15,CUST630,Male,42,Snacks,2,16000,32000,Bandung,E-Wallet
631,2023-11-10,CUST631,Male,56,Snacks,3,12000,36000,Jakarta,E-Wallet
632,2023-09-16,CUST632,Female,26,Snacks,4,9000,36000,Surabaya,E-Wallet
633,2023-08-07,CUST633,Male,39,Snacks,4,20000,80000,Medan,E-Wallet
634,2023-10-08,CUST634,Male,60,Toys,4,226000,904000,Medan,E-Wallet
635,2023-08-17,CUST635,Female,63,Household Items,3,883000,2649000,Surabaya,Credit Card
636,2023-03-23,CUST636,Female,21,Fast Food,3,81000,243000,Yogyakarta,E-Wallet
637,2023-09-01,CUST637,Male,43,Toys,2,274000,548000,Denpasar,E-Wallet
638,2023-08-19,CUST638,Male,46,Toys,1,190000,190000,Yogyakarta,E-Wallet
639,2023-05-13,CUST639,Female,62,Clothing,4,415000,1660000,Yogyakarta,Credit Card
640,2023-05-07,CUST640,Female,51,Toys,4,157000,628000,Bandung,E-Wallet
641,2023-11-23,CUST641,Female,40,Beauty,1,35000,35000,Yogyakarta,E-Wallet
642,2023-05-22,CUST642,Female,54,Snacks,4,17000,68000,Medan,E-Wallet
643,2023-09-24,CUST643,Female,28,Beauty,3,29000,87000,Surabaya,E-Wallet
644,2023-09-06,CUST644,Male,23,Clothing,3,39000,117000,Jakarta,E-Wallet
645,2023-11-17,CUST645,Female,35,Beauty,4,19000,76000,Denpasar,E-Wallet
646,2023-05-03,CUST646,Male,38,Household Items,3,886000,2658000,Medan,E-Wallet
647,2023-05-21,CUST647,Male,59,Household Items,3,217000,651000,Denpasar,E-Wallet
648,2023-08-14,CUST648,Male,53,Toys,4,206000,824000,Bandung,E-Wallet
649,2023-02-09,CUST649,Female,58,Clothing,2,249000,498000,Bandung,E-Wallet
650,2024-01-01,CUST650,Male,55,Household Items,1,123000,123000,Denpasar,E-Wallet
651,2023-05-27,CUST651,Male,51,Electronics,3,146000,438000,Jakarta,E-Wallet
652,2023-05-01,CUST652,Female,34,Toys,2,219000,438000,Semarang,E-Wallet
653,2023-05-20,CUST653,Male,54,Clothing,3,28000,84000,Surabaya,E-Wallet
654,2023-06-21,CUST654,Male,42,Toys,3,124000,372000,Jakarta,E-Wallet
655,2023-06-13,CUST655,Female,55,Fast Food,1,88000,88000,Medan,E-Wallet
656,2023-10-04,CUST656,Male,29,Snacks,3,18000,54000,Medan,E-Wallet
657,2023-02-11,CUST657,Male,40,Snacks,1,10000,10000,Surabaya,E-Wallet
658,2023-03-12,CUST658,Male,59,Clothing,1,379000,379000,Medan,E-Wallet
659,2023-03-19,CUST659,Female,39,Beauty,1,41000,41000,Surabaya,E-Wallet
660,2023-04-29,CUST660,Female,38,Electronics,2,1408000,2816000,Denpasar,Credit Card
661,2023-07-16,CUST661,Female,44,Fast Food,4,66000,264000,Jakarta,E-Wallet
662,2023-12-22,CUST662,Male,48,Clothing,2,419000,838000,Bandung,E-Wallet
663,2023-03-20,CUST663,Male,23,Electronics,4,1196000,4784000,Jakarta,E-Wallet
664,2023-12-28,CUST664,Female,44,Beauty,4,12000,48000,Denpasar,E-Wallet
665,2023-04-20,CUST665,Male,57,Toys,1,210000,210000,Yogyakarta,E-Wallet
666,2023-02-02,CUST666,Male,51,Clothing,3,165000,495000,Medan,E-Wallet
667,2023-08-01,CUST667,Female,29,Fast Food,1,82000,82000,Surabaya,E-Wallet
668,2023-07-28,CUST668,Female,62,Toys,3,165000,495000,Bandung,Cash
669,2023-06-19,CUST669,Male,24,Fast Food,4,43000,172000,Jakarta,E-Wallet
670,2023-10-05,CUST670,Male,27,Clothing,1,392000,392000,Yogyakarta,E-Wallet
671,2023-08-27,CUST671,Male,62,Toys,3,127000,381000,Surabaya,Cash
672,2023-08-01,CUST672,Female,34,Household Items,2,191000,382000,Medan,E-Wallet
673,2023-02-01,CUST673,Female,43,Household Items,3,443000,1329000,Surabaya,Credit Card
674,2023-04-16,CUST674,Female,38,Electronics,1,584000,584000,Surabaya,E-Wallet
675,2023-08-04,CUST675,Female,45,Household Items,2,791000,1582000,Jakarta,Credit Card
676,2023-07-19,CUST676,Male,63,Household Items,3,354000,1062000,Jakarta,Credit Card
677,2023-10-27,CUST677,Female,19,Fast Food,3,93000,279000,Jakarta,E-Wallet
678,2023-12-23,CUST678,Female,60,Toys,3,66000,198000,Jakarta,E-Wallet
679,2023-01-11,CUST679,Female,18,Toys,3,261000,783000,Semarang,E-Wallet
680,2023-10-22,CUST680,Female,53,Toys,3,105000,315000,Surabaya,E-Wallet
681,2023-07-14,CUST681,Female,43,Fast Food,2,39000,78000,Medan,E-Wallet
682,2023-09-02,CUST682,Male,46,Household Items,4,506000,2024000,Bandung,E-Wallet
683,2023-01-04,CUST683,Male,38,Beauty,2,45000,90000,Jakarta,E-Wallet
684,2023-06-30,CUST684,Female,28,Electronics,2,1487000,2974000,Jakarta,E-Wallet
685,2023-06-02,CUST685,Male,57,Beauty,2,10000,20000,Yogyakarta,E-Wallet
686,2023-07-19,CUST686,Female,28,Beauty,4,42000,168000,Jakarta,E-Wallet
687,2023-08-03,CUST687,Female,53,Electronics,1,1201000,1201000,Medan,Credit Card
688,2023-10-03,CUST688,Male,56,Clothing,4,463000,1852000,Medan,E-Wallet
689,2023-10-07,CUST689,Male,57,Electronics,2,931000,1862000,Denpasar,E-Wallet
690,2023-11-05,CUST690,Female,52,Beauty,3,30000,90000,Semarang,E-Wallet
691,2023-04-23,CUST691,Female,51,Snacks,3,20000,60000,Denpasar,E-Wallet
692,2023-09-07,CUST692,Female,64,Clothing,2,492000,984000,Jakarta,E-Wallet
693,2023-04-23,CUST693,Male,41,Snacks,3,13000,39000,Yogyakarta,E-Wallet
694,2023-05-20,CUST694,Female,39,Household Items,2,797000,1594000,Surabaya,Credit Card
695,2023-08-12,CUST695,Female,22,Electronics,3,895000,2685000,Semarang,E-Wallet
696,2023-09-06,CUST696,Female,50,Beauty,4,48000,192000,Jakarta,E-Wallet
697,2023-01-15,CUST697,Male,53,Beauty,1,46000,46000,Jakarta,E-Wallet
698,2023-07-19,CUST698,Female,64,Clothing,1,372000,372000,Yogyakarta,Cash
699,2023-06-22,CUST699,Female,37,Snacks,4,5000,20000,Medan,E-Wallet
700,2023-12-09,CUST700,Male,36,Fast Food,4,27000,108000,Medan,E-Wallet
701,2023-12-14,CUST701,Female,52,Snacks,2,20000,40000,Jakarta,E-Wallet
702,2023-07-27,CUST702,Female,60,Electronics,2,1479000,2958000,Medan,Credit Card
703,2023-03-26,CUST703,Male,34,Electronics,2,1063000,2126000,Jakarta,E-Wallet
704,2023-08-28,CUST704,Female,62,Electronics,3,1336000,4008000,Jakarta,Credit Card
705,2023-03-07,CUST705,Male,60,Electronics,2,1261000,2522000,Semarang,E-Wallet
706,2023-11-15,CUST706,Male,51,Electronics,4,1190000,4760000,Denpasar,E-Wallet
707,2023-10-01,CUST707,Female,26,Clothing,1,391000,391000,Yogyakarta,E-Wallet
708,2023-01-14,CUST708,Female,43,Clothing,3,320000,960000,Surabaya,E-Wallet
709,2023-07-21,CUST709,Female,19,Toys,2,256000,512000,Yogyakarta,E-Wallet
710,2023-10-31,CUST710,Female,26,Electronics,3,275000,825000,Bandung,E-Wallet
711,2023-10-16,CUST711,Male,26,Toys,3,185000,555000,Denpasar,E-Wallet
712,2023-12-06,CUST712,Female,57,Snacks,2,14000,28000,Denpasar,E-Wallet
713,2023-01-14,CUST713,Male,34,Fast Food,3,45000,135000,Bandung,E-Wallet
714,2023-02-12,CUST714,Female,18,Beauty,1,27000,27000,Jakarta,E-Wallet
715,2023-11-26,CUST715,Female,42,Beauty,4,26000,104000,Denpasar,E-Wallet
716,2023-08-08,CUST716,Female,60,Clothing,4,277000,1108000,Surabaya,Credit Card
717,2023-03-11,CUST717,Male,57,Household Items,1,148000,148000,Semarang,E-Wallet
718,2023-08-25,CUST718,Female,59,Beauty,3,39000,117000,Medan,E-Wallet
719,2023-04-04,CUST719,Female,42,Snacks,2,10000,20000,Bandung,E-Wallet
720,2023-01-26,CUST720,Female,56,Toys,3,69000,207000,Medan,E-Wallet
721,2023-05-14,CUST721,Female,52,Beauty,1,13000,13000,Bandung,E-Wallet
722,2023-07-14,CUST722,Male,20,Household Items,3,878000,2634000,Bandung,E-Wallet
723,2023-06-17,CUST723,Female,54,Household Items,4,898000,3592000,Surabaya,Credit Card
724,2023-04-19,CUST724,Male,61,Household Items,3,485000,1455000,Jakarta,Credit Card
725,2023-08-21,CUST725,Male,61,Fast Food,1,89000,89000,Yogyakarta,Cash
726,2023-06-17,CUST726,Male,47,Snacks,4,13000,52000,Jakarta,E-Wallet
727,2023-06-22,CUST727,Male,55,Fast Food,3,25000,75000,Yogyakarta,E-Wallet
728,2023-07-14,CUST728,Male,51,Fast Food,3,76000,228000,Denpasar,E-Wallet
729,2023-05-23,CUST729,Male,29,Beauty,4,28000,112000,Denpasar,E-Wallet
730,2023-08-04,CUST730,Female,36,Snacks,2,16000,32000,Jakarta,E-Wallet
731,2023-05-10,CUST731,Male,54,Snacks,4,20000,80000,Yogyakarta,E-Wallet
732,2023-02-11,CUST732,Male,61,Snacks,2,12000,24000,Jakarta,Cash
733,2023-08-29,CUST733,Male,34,Snacks,1,10000,10000,Jakarta,E-Wallet
734,2023-01-10,CUST734,Female,27,Beauty,1,27000,27000,Medan,E-Wallet
735,2023-10-04,CUST735,Female,64,Toys,4,81000,324000,Medan,Cash
736,2023-01-27,CUST736,Male,29,Fast Food,4,48000,192000,Jakarta,E-Wallet
737,2023-06-29,CUST737,Female,33,Household Items,1,881000,881000,Semarang,E-Wallet
738,2023-04-25,CUST738,Male,41,Electronics,2,1591000,3182000,Jakarta,E-Wallet
739,2023-11-29,CUST739,Male,36,Household Items,1,645000,645000,Bandung,E-Wallet
740,2023-02-05,CUST740,Female,25,Toys,4,197000,788000,Medan,E-Wallet
741,2023-11-30,CUST741,Male,48,Beauty,1,47000,47000,Denpasar,E-Wallet
742,2023-01-21,CUST742,Female,38,Fast Food,4,34000,136000,Surabaya,E-Wallet
743,2023-01-16,CUST743,Female,34,Beauty,4,35000,140000,Semarang,E-Wallet
744,2023-05-07,CUST744,Male,40,Fast Food,1,48000,48000,Denpasar,E-Wallet
745,2023-04-13,CUST745,Male,54,Household Items,2,944000,1888000,Jakarta,E-Wallet
746,2023-01-11,CUST746,Female,33,Household Items,3,896000,2688000,Medan,Credit Card
747,2023-11-15,CUST747,Male,23,Electronics,1,1286000,1286000,Bandung,E-Wallet
748,2023-03-20,CUST748,Male,25,Clothing,3,176000,528000,Denpasar,E-Wallet
749,2023-05-03,CUST749,Male,42,Clothing,1,412000,412000,Bandung,E-Wallet
750,2023-03-06,CUST750,Female,35,Toys,3,112000,336000,Surabaya,E-Wallet
751,2023-08-31,CUST751,Female,42,Clothing,2,485000,970000,Bandung,E-Wallet
752,2023-12-09,CUST752,Male,29,Toys,2,199000,398000,Jakarta,E-Wallet
753,2023-02-28,CUST753,Female,32,Fast Food,1,76000,76000,Surabaya,E-Wallet
754,2023-10-16,CUST754,Female,43,Toys,4,127000,508000,Yogyakarta,E-Wallet
755,2023-04-22,CUST755,Female,58,Fast Food,3,91000,273000,Denpasar,E-Wallet
756,2023-08-27,CUST756,Female,62,Beauty,4,26000,104000,Yogyakarta,Cash
757,2023-12-25,CUST757,Female,43,Electronics,4,1431000,5724000,Medan,Credit Card
758,2023-05-12,CUST758,Male,64,Household Items,4,925000,3700000,Yogyakarta,Credit Card
759,2023-07-08,CUST759,Male,49,Toys,2,247000,494000,Jakarta,E-Wallet
760,2023-03-27,CUST760,Male,27,Clothing,1,81000,81000,Surabaya,E-Wallet
761,2023-11-07,CUST761,Female,33,Snacks,1,14000,14000,Surabaya,E-Wallet
762,2023-11-07,CUST762,Female,24,Clothing,2,393000,786000,Surabaya,E-Wallet
763,2023-02-28,CUST763,Male,34,Household Items,2,496000,992000,Denpasar,E-Wallet
764,2023-03-25,CUST764,Female,40,Snacks,1,20000,20000,Medan,E-Wallet
765,2023-06-09,CUST765,Male,43,Beauty,4,30000,120000,Yogyakarta,E-Wallet
766,2023-02-25,CUST766,Male,38,Beauty,3,38000,114000,Yogyakarta,E-Wallet
767,2023-10-24,CUST767,Male,39,Clothing,3,396000,1188000,Denpasar,E-Wallet
768,2023-01-14,CUST768,Female,24,Household Items,3,484000,1452000,Medan,E-Wallet
769,2023-06-09,CUST769,Female,31,Household Items,4,627000,2508000,Bandung,Credit Card
770,2023-10-22,CUST770,Male,32,Fast Food,1,99000,99000,Surabaya,E-Wallet
771,2023-12-13,CUST771,Male,24,Toys,2,168000,336000,Medan,E-Wallet
772,2023-07-12,CUST772,Male,26,Electronics,1,133000,133000,Jakarta,E-Wallet
773,2023-07-23,CUST773,Male,25,Fast Food,4,54000,216000,Bandung,E-Wallet
774,2023-04-12,CUST774,Female,40,Household Items,2,654000,1308000,Surabaya,Credit Card
775,2023-02-08,CUST775,Female,46,Clothing,4,359000,1436000,Surabaya,Credit Card
776,2023-10-31,CUST776,Male,35,Electronics,3,979000,2937000,Yogyakarta,E-Wallet
777,2023-12-20,CUST777,Male,48,Beauty,3,38000,114000,Semarang,E-Wallet
778,2023-11-18,CUST778,Female,47,Beauty,4,21000,84000,Yogyakarta,E-Wallet
779,2023-05-05,CUST779,Female,56,Beauty,2,44000,88000,Denpasar,E-Wallet
780,2023-02-22,CUST780,Male,52,Beauty,2,21000,42000,Jakarta,E-Wallet
781,2023-12-23,CUST781,Male,35,Fast Food,1,58000,58000,Semarang,E-Wallet
782,2023-06-04,CUST782,Male,59,Fast Food,3,41000,123000,Semarang,E-Wallet
783,2023-12-17,CUST783,Female,56,Toys,1,93000,93000,Medan,E-Wallet
784,2023-11-04,CUST784,Female,34,Household Items,1,680000,680000,Bandung,E-Wallet
785,2023-03-03,CUST785,Female,31,Toys,4,111000,444000,Medan,E-Wallet
786,2023-10-17,CUST786,Male,48,Toys,4,88000,352000,Medan,E-Wallet
787,2023-01-22,CUST787,Male,41,Household Items,1,355000,355000,Medan,E-Wallet
788,2023-06-27,CUST788,Female,52,Toys,3,227000,681000,Yogyakarta,E-Wallet
789,2023-09-30,CUST789,Female,61,Toys,4,127000,508000,Semarang,E-Wallet
790,2023-08-08,CUST790,Male,62,Beauty,1,32000,32000,Bandung,Cash
791,2023-12-05,CUST791,Female,51,Fast Food,1,42000,42000,Jakarta,E-Wallet
792,2023-07-09,CUST792,Female,20,Household Items,1,168000,168000,Surabaya,E-Wallet
793,2023-02-05,CUST793,Male,54,Electronics,1,1528000,1528000,Denpasar,E-Wallet
794,2023-09-17,CUST794,Female,60,Beauty,1,39000,39000,Semarang,E-Wallet
795,2023-11-28,CUST795,Male,57,Snacks,1,18000,18000,Denpasar,E-Wallet
796,2023-06-24,CUST796,Male,43,Fast Food,4,76000,304000,Yogyakarta,E-Wallet
797,2023-01-07,CUST797,Male,40,Beauty,3,11000,33000,Yogyakarta,E-Wallet
798,2023-08-04,CUST798,Male,61,Fast Food,1,75000,75000,Semarang,Cash
799,2023-09-08,CUST799,Male,56,Beauty,2,34000,68000,Denpasar,E-Wallet
800,2023-02-24,CUST800,Male,32,Toys,4,55000,220000,Jakarta,E-Wallet
801,2023-08-10,CUST801,Male,21,Snacks,4,11000,44000,Bandung,E-Wallet
802,2023-07-05,CUST802,Female,46,Clothing,1,23000,23000,Semarang,E-Wallet
803,2023-11-22,CUST803,Male,39,Toys,4,237000,948000,Bandung,E-Wallet
804,2023-08-24,CUST804,Male,42,Clothing,1,325000,325000,Medan,E-Wallet
805,2023-12-29,CUST805,Female,30,Household Items,3,514000,1542000,Denpasar,E-Wallet
806,2023-03-20,CUST806,Female,35,Beauty,3,37000,111000,Denpasar,E-Wallet
807,2023-08-11,CUST807,Female,50,Clothing,4,291000,1164000,Jakarta,Credit Card
808,2023-04-01,CUST808,Male,33,Electronics,4,178000,712000,Surabaya,E-Wallet
809,2023-09-25,CUST809,Female,62,Beauty,2,13000,26000,Yogyakarta,Cash
810,2023-11-30,CUST810,Male,59,Household Items,4,157000,628000,Semarang,E-Wallet
811,2023-05-19,CUST811,Male,61,Snacks,2,16000,32000,Yogyakarta,Cash
812,2023-11-12,CUST812,Male,19,Beauty,3,47000,141000,Surabaya,E-Wallet
813,2023-10-03,CUST813,Male,52,Clothing,3,455000,1365000,Surabaya,E-Wallet
814,2023-09-05,CUST814,Female,59,Clothing,1,214000,214000,Yogyakarta,E-Wallet
815,2023-08-27,CUST815,Female,51,Fast Food,3,89000,267000,Medan,E-Wallet
816,2023-08-12,CUST816,Male,47,Toys,2,128000,256000,Surabaya,E-Wallet
817,2023-10-31,CUST817,Male,30,Fast Food,4,93000,372000,Medan,E-Wallet
818,2023-05-18,CUST818,Male,30,Clothing,1,54000,54000,Medan,E-Wallet
819,2023-06-15,CUST819,Female,35,Clothing,2,336000,672000,Surabaya,E-Wallet
820,2023-05-06,CUST820,Male,49,Snacks,4,18000,72000,Yogyakarta,E-Wallet
821,2023-02-14,CUST821,Male,49,Household Items,1,396000,396000,Surabaya,E-Wallet
822,2023-05-23,CUST822,Female,52,Clothing,3,364000,1092000,Denpasar,Credit Card
823,2023-08-19,CUST823,Female,56,Household Items,2,837000,1674000,Semarang,Credit Card
824,2023-05-05,CUST824,Male,63,Beauty,4,17000,68000,Medan,Cash
825,2023-08-26,CUST825,Female,46,Snacks,1,6000,6000,Bandung,Cash
826,2023-10-19,CUST826,Female,46,Toys,1,154000,154000,Medan,E-Wallet
827,2023-11-09,CUST827,Male,61,Beauty,3,47000,141000,Yogyakarta,Cash
828,2023-12-09,CUST828,Female,33,Toys,4,269000,1076000,Medan,Credit Card
829,2023-07-14,CUST829,Male,61,Toys,3,60000,180000,Jakarta,Cash
830,2023-06-22,CUST830,Female,64,Beauty,3,34000,102000,Denpasar,Cash
831,2023-01-15,CUST831,Male,27,Household Items,4,996000,3984000,Surabaya,E-Wallet
832,2023-09-11,CUST832,Male,47,Toys,4,199000,796000,Yogyakarta,E-Wallet
833,2023-06-16,CUST833,Male,42,Toys,4,132000,528000,Medan,E-Wallet
834,2023-04-04,CUST834,Female,56,Snacks,2,14000,28000,Bandung,E-Wallet
835,2023-09-07,CUST835,Male,37,Household Items,4,546000,2184000,Semarang,E-Wallet
836,2023-04-19,CUST836,Female,22,Beauty,1,32000,32000,Semarang,E-Wallet
837,2023-07-01,CUST837,Male,18,Clothing,3,198000,594000,Denpasar,E-Wallet
838,2023-05-13,CUST838,Male,47,Clothing,2,429000,858000,Denpasar,E-Wallet
839,2023-06-24,CUST839,Female,20,Electronics,4,1817000,7268000,Bandung,Credit Card
840,2023-05-24,CUST840,Male,62,Beauty,2,22000,44000,Medan,Cash
841,2023-11-02,CUST841,Male,31,Household Items,4,648000,2592000,Bandung,E-Wallet
842,2023-12-26,CUST842,Female,47,Household Items,2,958000,1916000,Yogyakarta,Credit Card
843,2023-05-22,CUST843,Male,21,Beauty,3,40000,120000,Semarang,E-Wallet
844,2023-10-12,CUST844,Male,35,Fast Food,3,100000,300000,Jakarta,E-Wallet
845,2023-01-06,CUST845,Male,54,Household Items,1,207000,207000,Bandung,E-Wallet
846,2023-09-22,CUST846,Male,42,Snacks,1,5000,5000,Bandung,Cash
847,2023-04-08,CUST847,Female,18,Fast Food,4,88000,352000,Medan,E-Wallet
848,2023-02-13,CUST848,Female,63,Clothing,3,332000,996000,Denpasar,E-Wallet
849,2023-05-04,CUST849,Male,32,Toys,2,80000,160000,Bandung,E-Wallet
850,2023-07-28,CUST850,Female,26,Beauty,2,48000,96000,Medan,E-Wallet
851,2023-09-08,CUST851,Male,32,Toys,2,129000,258000,Denpasar,E-Wallet
852,2023-10-12,CUST852,Female,41,Clothing,1,497000,497000,Bandung,E-Wallet
853,2023-05-04,CUST853,Male,21,Beauty,2,43000,86000,Bandung,E-Wallet
854,2023-12-20,CUST854,Male,29,Toys,1,78000,78000,Denpasar,E-Wallet
855,2023-09-01,CUST855,Male,54,Clothing,1,402000,402000,Surabaya,E-Wallet
856,2023-11-27,CUST856,Male,54,Fast Food,4,93000,372000,Denpasar,E-Wallet
857,2023-12-31,CUST857,Male,60,Clothing,2,429000,858000,Jakarta,E-Wallet
858,2023-09-09,CUST858,Male,23,Beauty,2,44000,88000,Medan,E-Wallet
859,2023-08-18,CUST859,Female,56,Toys,3,73000,219000,Semarang,E-Wallet
860,2023-01-09,CUST860,Male,63,Electronics,4,1456000,5824000,Bandung,Credit Card
861,2023-02-17,CUST861,Female,41,Fast Food,3,60000,180000,Semarang,E-Wallet
862,2023-05-31,CUST862,Male,28,Electronics,4,1339000,5356000,Medan,Credit Card
863,2023-04-24,CUST863,Female,30,Toys,2,99000,198000,Bandung,E-Wallet
864,2023-07-27,CUST864,Female,51,Toys,1,237000,237000,Bandung,E-Wallet
865,2023-12-21,CUST865,Female,42,Fast Food,1,52000,52000,Semarang,E-Wallet
866,2023-05-05,CUST866,Male,24,Electronics,1,667000,667000,Surabaya,E-Wallet
867,2023-06-06,CUST867,Male,21,Clothing,1,33000,33000,Denpasar,E-Wallet
868,2023-12-06,CUST868,Female,25,Clothing,1,490000,490000,Bandung,E-Wallet
869,2023-10-25,CUST869,Male,37,Electronics,3,642000,1926000,Yogyakarta,E-Wallet
870,2023-07-08,CUST870,Female,46,Electronics,4,1481000,5924000,Yogyakarta,Credit Card
871,2023-08-31,CUST871,Male,62,Household Items,2,566000,1132000,Bandung,Credit Card
872,2023-10-11,CUST872,Female,63,Household Items,3,973000,2919000,Denpasar,Credit Card
873,2023-09-29,CUST873,Female,27,Household Items,4,760000,3040000,Denpasar,E-Wallet
874,2023-06-26,CUST874,Male,60,Household Items,1,410000,410000,Bandung,E-Wallet
875,2023-08-06,CUST875,Female,51,Fast Food,4,38000,152000,Surabaya,E-Wallet
876,2023-10-09,CUST876,Male,43,Clothing,4,191000,764000,Surabaya,E-Wallet
877,2023-06-19,CUST877,Female,58,Clothing,1,380000,380000,Semarang,E-Wallet
878,2023-06-30,CUST878,Female,20,Toys,1,128000,128000,Yogyakarta,E-Wallet
879,2023-12-26,CUST879,Male,23,Toys,1,295000,295000,Yogyakarta,E-Wallet
880,2023-08-21,CUST880,Male,22,Fast Food,2,53000,106000,Bandung,E-Wallet
881,2023-05-19,CUST881,Male,22,Beauty,1,33000,33000,Yogyakarta,E-Wallet
882,2023-06-06,CUST882,Female,64,Clothing,2,231000,462000,Jakarta,Cash
883,2023-05-09,CUST883,Male,40,Household Items,1,456000,456000,Semarang,E-Wallet
884,2023-04-29,CUST884,Female,26,Toys,2,195000,390000,Medan,E-Wallet
885,2023-03-03,CUST885,Female,52,Clothing,4,165000,660000,Jakarta,E-Wallet
886,2023-04-09,CUST886,Male,37,Household Items,3,705000,2115000,Semarang,E-Wallet
887,2023-06-11,CUST887,Male,59,Electronics,4,1364000,5456000,Bandung,E-Wallet
888,2023-03-03,CUST888,Female,52,Fast Food,4,97000,388000,Semarang,E-Wallet
889,2023-10-02,CUST889,Female,35,Beauty,1,43000,43000,Yogyakarta,E-Wallet
890,2023-12-20,CUST890,Male,34,Fast Food,2,66000,132000,Denpasar,E-Wallet
891,2023-04-05,CUST891,Male,41,Electronics,3,56000,168000,Surabaya,E-Wallet
892,2023-04-09,CUST892,Male,20,Clothing,1,219000,219000,Yogyakarta,E-Wallet
893,2023-04-21,CUST893,Male,49,Snacks,1,5000,5000,Surabaya,Cash
894,2023-09-05,CUST894,Male,52,Snacks,1,7000,7000,Semarang,Cash
895,2023-05-22,CUST895,Female,55,Fast Food,4,34000,136000,Semarang,E-Wallet
896,2023-10-29,CUST896,Female,30,Fast Food,2,83000,166000,Medan,E-Wallet
897,2023-09-26,CUST897,Female,64,Toys,2,70000,140000,Bandung,Cash
898,2023-11-02,CUST898,Female,42,Beauty,3,26000,78000,Jakarta,E-Wallet
899,2023-05-25,CUST899,Male,26,Beauty,2,36000,72000,Jakarta,E-Wallet
900,2023-02-21,CUST900,Male,21,Toys,2,130000,260000,Yogyakarta,E-Wallet
901,2023-04-10,CUST901,Male,31,Fast Food,1,35000,35000,Surabaya,E-Wallet
902,2023-06-01,CUST902,Female,54,Toys,1,173000,173000,Jakarta,E-Wallet
903,2023-04-27,CUST903,Female,51,Electronics,4,1658000,6632000,Denpasar,Credit Card
904,2023-07-04,CUST904,Male,28,Electronics,1,155000,155000,Jakarta,E-Wallet
905,2023-04-02,CUST905,Male,58,Household Items,1,184000,184000,Yogyakarta,E-Wallet
906,2023-06-04,CUST906,Female,20,Household Items,1,850000,850000,Semarang,E-Wallet
907,2023-01-08,CUST907,Female,45,Household Items,1,261000,261000,Semarang,E-Wallet
908,2023-12-29,CUST908,Male,46,Fast Food,4,68000,272000,Semarang,E-Wallet
909,2023-10-01,CUST909,Male,26,Electronics,1,573000,573000,Surabaya,E-Wallet
910,2023-03-06,CUST910,Female,20,Beauty,3,46000,138000,Denpasar,E-Wallet
911,2023-05-21,CUST911,Male,42,Snacks,3,7000,21000,Semarang,E-Wallet
912,2023-01-24,CUST912,Male,51,Toys,3,280000,840000,Bandung,E-Wallet
913,2023-01-28,CUST913,Male,29,Clothing,3,46000,138000,Bandung,E-Wallet
914,2023-10-11,CUST914,Female,59,Snacks,1,7000,7000,Semarang,Cash
915,2023-05-30,CUST915,Female,26,Beauty,3,43000,129000,Semarang,E-Wallet
916,2023-12-24,CUST916,Female,32,Toys,1,191000,191000,Yogyakarta,E-Wallet
917,2023-03-06,CUST917,Female,57,Electronics,4,549000,2196000,Jakarta,Credit Card
918,2023-11-23,CUST918,Female,42,Beauty,3,19000,57000,Jakarta,E-Wallet
919,2023-09-09,CUST919,Female,22,Electronics,2,269000,538000,Medan,E-Wallet
920,2023-02-22,CUST920,Female,28,Clothing,3,297000,891000,Jakarta,E-Wallet
921,2023-01-07,CUST921,Male,51,Clothing,3,69000,207000,Surabaya,E-Wallet
922,2023-10-21,CUST922,Male,41,Electronics,1,998000,998000,Denpasar,E-Wallet
923,2023-05-26,CUST923,Male,32,Toys,3,94000,282000,Semarang,E-Wallet
924,2023-08-29,CUST924,Male,55,Toys,2,150000,300000,Jakarta,E-Wallet
925,2023-09-03,CUST925,Male,25,Snacks,1,14000,14000,Denpasar,E-Wallet
926,2023-08-14,CUST926,Male,22,Household Items,1,968000,968000,Yogyakarta,E-Wallet
927,2023-06-24,CUST927,Male,43,Electronics,4,1607000,6428000,Yogyakarta,E-Wallet
928,2023-04-05,CUST928,Female,35,Snacks,4,11000,44000,Denpasar,E-Wallet
929,2023-01-27,CUST929,Female,23,Electronics,3,553000,1659000,Denpasar,E-Wallet
930,2023-05-10,CUST930,Male,54,Clothing,4,268000,1072000,Jakarta,E-Wallet
931,2023-09-02,CUST931,Male,30,Electronics,4,1425000,5700000,Semarang,Credit Card
932,2023-02-28,CUST932,Female,45,Clothing,4,31000,124000,Semarang,E-Wallet
933,2023-02-03,CUST933,Male,22,Beauty,1,20000,20000,Bandung,E-Wallet
934,2023-07-25,CUST934,Male,30,Beauty,1,13000,13000,Bandung,E-Wallet
935,2023-09-09,CUST935,Female,34,Toys,1,221000,221000,Jakarta,E-Wallet
936,2023-02-07,CUST936,Male,57,Household Items,4,621000,2484000,Surabaya,E-Wallet
937,2023-10-23,CUST937,Female,62,Toys,1,169000,169000,Yogyakarta,Cash
938,2023-11-19,CUST938,Male,49,Clothing,4,142000,568000,Surabaya,E-Wallet
939,2023-12-18,CUST939,Female,46,Electronics,1,888000,888000,Jakarta,E-Wallet
940,2023-01-28,CUST940,Female,20,Toys,1,213000,213000,Medan,E-Wallet
941,2023-03-19,CUST941,Female,57,Clothing,2,201000,402000,Denpasar,E-Wallet
942,2023-03-18,CUST942,Male,51,Fast Food,3,26000,78000,Denpasar,E-Wallet
943,2023-10-16,CUST943,Female,57,Fast Food,4,42000,168000,Jakarta,E-Wallet
944,2023-06-05,CUST944,Male,44,Household Items,2,866000,1732000,Surabaya,E-Wallet
945,2023-02-13,CUST945,Male,30,Beauty,1,40000,40000,Bandung,E-Wallet
946,2023-05-08,CUST946,Male,62,Fast Food,4,86000,344000,Medan,Cash
947,2023-03-02,CUST947,Male,50,Clothing,1,447000,447000,Semarang,E-Wallet
948,2023-10-13,CUST948,Female,23,Household Items,3,229000,687000,Semarang,E-Wallet
949,2023-08-02,CUST949,Female,41,Clothing,2,436000,872000,Yogyakarta,E-Wallet
950,2023-11-07,CUST950,Male,36,Electronics,3,1673000,5019000,Surabaya,E-Wallet
951,2023-11-02,CUST951,Male,33,Fast Food,2,68000,136000,Bandung,E-Wallet
952,2023-11-13,CUST952,Female,57,Clothing,1,249000,249000,Bandung,E-Wallet
953,2023-04-26,CUST953,Male,45,Clothing,3,26000,78000,Medan,E-Wallet
954,2023-09-25,CUST954,Female,50,Fast Food,3,58000,174000,Yogyakarta,E-Wallet
955,2023-07-14,CUST955,Male,58,Household Items,1,177000,177000,Medan,E-Wallet
956,2023-08-19,CUST956,Male,30,Snacks,3,11000,33000,Medan,E-Wallet
957,2023-08-15,CUST957,Female,60,Clothing,4,227000,908000,Bandung,E-Wallet
958,2023-06-02,CUST958,Male,62,Fast Food,2,94000,188000,Denpasar,Cash
959,2023-10-29,CUST959,Female,42,Household Items,2,437000,874000,Denpasar,E-Wallet
960,2023-08-08,CUST960,Male,59,Snacks,2,15000,30000,Surabaya,E-Wallet
961,2023-06-06,CUST961,Male,53,Electronics,4,683000,2732000,Semarang,E-Wallet
962,2023-10-19,CUST962,Male,44,Fast Food,2,52000,104000,Semarang,E-Wallet
963,2023-11-14,CUST963,Female,55,Toys,1,108000,108000,Surabaya,E-Wallet
964,2023-01-31,CUST964,Male,24,Electronics,3,110000,330000,Bandung,E-Wallet
965,2023-11-09,CUST965,Male,22,Electronics,4,883000,3532000,Medan,E-Wallet
966,2023-02-20,CUST966,Male,60,Fast Food,2,85000,170000,Semarang,E-Wallet
967,2023-04-17,CUST967,Male,62,Electronics,1,1594000,1594000,Denpasar,Credit Card
968,2023-11-17,CUST968,Female,48,Electronics,3,1858000,5574000,Denpasar,Credit Card
969,2023-04-19,CUST969,Female,40,Household Items,3,110000,330000,Semarang,E-Wallet
970,2023-05-16,CUST970,Male,59,Snacks,4,20000,80000,Medan,E-Wallet
971,2023-12-05,CUST971,Female,27,Clothing,4,359000,1436000,Yogyakarta,E-Wallet
972,2023-02-11,CUST972,Male,49,Fast Food,4,72000,288000,Surabaya,E-Wallet
973,2023-03-22,CUST973,Male,60,Household Items,1,939000,939000,Surabaya,E-Wallet
974,2023-05-03,CUST974,Male,47,Beauty,1,35000,35000,Medan,E-Wallet
975,2023-03-30,CUST975,Female,56,Fast Food,4,53000,212000,Bandung,E-Wallet
976,2023-10-10,CUST976,Female,48,Toys,2,71000,142000,Semarang,E-Wallet
977,2023-02-08,CUST977,Female,35,Toys,3,74000,222000,Denpasar,E-Wallet
978,2023-03-22,CUST978,Female,53,Clothing,3,50000,150000,Bandung,E-Wallet
979,2023-01-02,CUST979,Female,19,Toys,1,104000,104000,Surabaya,E-Wallet
980,2023-07-29,CUST980,Female,31,Toys,3,132000,396000,Surabaya,E-Wallet
981,2023-08-19,CUST981,Female,30,Fast Food,2,87000,174000,Bandung,E-Wallet
982,2023-12-19,CUST982,Female,46,Clothing,3,180000,540000,Denpasar,E-Wallet
983,2023-11-01,CUST983,Female,29,Fast Food,1,33000,33000,Denpasar,E-Wallet
984,2023-08-29,CUST984,Male,56,Snacks,1,7000,7000,Medan,Cash
985,2023-05-30,CUST985,Female,19,Household Items,2,715000,1430000,Surabaya,E-Wallet
986,2023-01-17,CUST986,Female,49,Toys,2,210000,420000,Denpasar,E-Wallet
987,2023-04-29,CUST987,Female,30,Snacks,3,8000,24000,Bandung,E-Wallet
988,2023-05-28,CUST988,Female,63,Fast Food,3,51000,153000,Denpasar,Cash
989,2023-12-28,CUST989,Female,44,Fast Food,1,50000,50000,Surabaya,E-Wallet
990,2023-05-25,CUST990,Female,58,Electronics,2,1560000,3120000,Jakarta,Credit Card
991,2023-12-26,CUST991,Female,34,Household Items,2,588000,1176000,Semarang,Credit Card
992,2023-08-21,CUST992,Female,57,Household Items,2,424000,848000,Yogyakarta,E-Wallet
993,2023-02-06,CUST993,Female,48,Toys,3,225000,675000,Denpasar,E-Wallet
994,2023-12-18,CUST994,Female,51,Household Items,2,259000,518000,Denpasar,E-Wallet
995,2023-04-30,CUST995,Female,41,Beauty,1,28000,28000,Denpasar,E-Wallet
996,2023-05-16,CUST996,Male,62,Electronics,1,1886000,1886000,Surabaya,Credit Card
997,2023-11-17,CUST997,Male,52,Snacks,3,6000,18000,Denpasar,E-Wallet
998,2023-10-29,CUST998,Female,23,Fast Food,4,86000,344000,Medan,E-Wallet
999,2023-12-05,CUST999,Female,36,Fast Food,3,84000,252000,Surabaya,E-Wallet
1000,2023-04-12,CUST1000,Male,47,Clothing,4,386000,1544000,Surabaya,E-Wallet
